filepath,label
twigma/images/1571384940876468224_3.jpg,1
twigma/images/1599764779316518912_1.jpg,1
twigma/images/1563614621092655105_1.jpg,1
twigma/images/1581023881653256192_1.jpg,1
twigma/images/1584581845051527169_1.jpg,1
twigma/images/1581518980187328512_1.jpg,1
twigma/images/1584700070749880320_1.jpg,1
twigma/images/1593311697288265728_1.jpg,1
twigma/images/1574362329227362304_1.jpg,1
twigma/images/1585328233053986816_1.jpg,1
twigma/images/1469736427646767107_2.jpg,1
twigma/images/1582029423246594048_1.jpg,1
twigma/images/1605904889149763585_3.jpg,1
twigma/images/1573650644480983042_1.jpg,1
twigma/images/1557973334830219264_3.jpg,1
twigma/images/1573977561293590529_1.jpg,1
twigma/images/1600673264233287684_1.jpg,1
twigma/images/1561117790974533632_1.jpg,1
twigma/images/1604239361452687360_2.jpg,1
twigma/images/1603635310906466304_2.jpg,1
twigma/images/1585372017842589696_3.jpg,1
twigma/images/1569391769896292354_1.jpg,1
twigma/images/1574772974825119746_3.jpg,1
twigma/images/1591225375136223232_1.jpg,1
twigma/images/1600963412619456512_1.jpg,1
twigma/images/1558157559571566592_1.jpg,1
twigma/images/1602395935438700544_2.jpg,1
twigma/images/1515325743156236291_1.jpg,1
twigma/images/1570906724433035266_3.jpg,1
twigma/images/1475980901372739587_4.jpg,1
twigma/images/1600754062362042368_1.jpg,1
twigma/images/1563008333589598209_2.jpg,1
twigma/images/1450504076635086850_1.jpg,1
twigma/images/1469759802423271427_1.jpg,1
twigma/images/1600089876879269890_1.jpg,1
twigma/images/1578213648593453058_2.jpg,1
twigma/images/1608516964758216705_1.jpg,1
twigma/images/1600871513028235266_1.jpg,1
twigma/images/1574422125892759552_1.jpg,1
twigma/images/1585446843823030272_1.jpg,1
twigma/images/1582566134309539841_1.jpg,1
twigma/images/1583263351102386177_1.jpg,1
twigma/images/1567432412988317699_1.jpg,1
twigma/images/1586387453761536000_4.jpg,1
twigma/images/1608350574071668737_1.jpg,1
twigma/images/1569651289465708545_2.jpg,1
twigma/images/1606374514731802624_3.jpg,1
twigma/images/1567548734837252096_1.jpg,1
twigma/images/1578020997068120071_1.jpg,1
twigma/images/1566559803677212674_2.jpg,1
twigma/images/1603754613840060416_1.jpg,1
twigma/images/1587037234447978497_1.jpg,1
twigma/images/1521952713667452930_1.jpg,1
twigma/images/1501179092972056578_1.jpg,1
twigma/images/1584517512611659777_1.jpg,1
twigma/images/1578432362513567744_1.jpg,1
twigma/images/1529663639866773505_2.jpg,1
twigma/images/1586769902613843969_1.jpg,1
twigma/images/1523660696281518086_2.jpg,1
twigma/images/1603714070682558464_1.jpg,1
twigma/images/1583118494098677760_1.jpg,1
twigma/images/1595321384732966916_1.jpg,1
twigma/images/1565446644778340352_2.jpg,1
twigma/images/1516781606882758659_3.jpg,1
twigma/images/1574009936366936064_1.jpg,1
twigma/images/1601125060869296128_1.jpg,1
twigma/images/1583119536181903361_1.jpg,1
twigma/images/1570210513652711424_2.jpg,1
twigma/images/1604990776018362368_1.jpg,1
twigma/images/1564632103794266117_3.jpg,1
twigma/images/1556991502357766146_1.jpg,1
twigma/images/1565859659398914048_2.jpg,1
twigma/images/1607470974546370560_1.jpg,1
twigma/images/1584316125290336256_1.jpg,1
twigma/images/1479958593554161665_1.jpg,1
twigma/images/1581084626910859264_1.jpg,1
twigma/images/1578517541844307968_1.jpg,1
twigma/images/1586838504352485376_1.jpg,1
twigma/images/1522225499405271041_2.jpg,1
twigma/images/1497143849344323584_1.jpg,1
twigma/images/1585987903376674816_1.jpg,1
twigma/images/1571790976280051712_1.jpg,1
twigma/images/1572679556838064128_1.jpg,1
twigma/images/1475182877469990912_3.jpg,1
twigma/images/1582350968662134784_3.jpg,1
twigma/images/1579659973294190594_1.jpg,1
twigma/images/1581714026358530048_1.jpg,1
twigma/images/1584316294458839041_1.jpg,1
twigma/images/1585298924918558722_2.jpg,1
twigma/images/1570983457437908992_1.jpg,1
twigma/images/1595426466681847811_1.jpg,1
twigma/images/1481012218103832579_4.jpg,1
twigma/images/1603842622392410113_1.jpg,1
twigma/images/1565107999189909505_1.jpg,1
twigma/images/1585726019415187462_1.jpg,1
twigma/images/1583779197910413313_1.jpg,1
twigma/images/1521970119584452613_1.jpg,1
twigma/images/1584088881921597440_1.jpg,1
twigma/images/1570721931158228996_1.jpg,1
twigma/images/1586839662835822592_1.jpg,1
twigma/images/1606086137117671424_3.jpg,1
twigma/images/1573944428833968128_1.jpg,1
twigma/images/1601192657178562560_1.jpg,1
twigma/images/1569768770553643008_4.jpg,1
twigma/images/1577816284644925442_1.jpg,1
twigma/images/1563835544517218304_3.jpg,1
twigma/images/1516797204966645765_1.jpg,1
twigma/images/1602928389530214401_1.jpg,1
twigma/images/1608351297027055617_1.jpg,1
twigma/images/1602111491720765446_1.jpg,1
twigma/images/1578799009715871746_1.jpg,1
twigma/images/1606837448897609730_1.jpg,1
twigma/images/1601917814356545536_1.jpg,1
twigma/images/1565697564867182595_3.jpg,1
twigma/images/1555675286477320193_1.jpg,1
twigma/images/1568934716107022336_1.jpg,1
twigma/images/1594104580530323458_1.jpg,1
twigma/images/1602158125314080768_1.jpg,1
twigma/images/1580023462629777416_1.jpg,1
twigma/images/1576660722901463046_1.jpg,1
twigma/images/1565041302873542657_1.jpg,1
twigma/images/1605235874262036480_2.jpg,1
twigma/images/1568393913039491072_1.jpg,1
twigma/images/1608892855740956673_1.jpg,1
twigma/images/1579392102223708162_1.jpg,1
twigma/images/1581977305986961408_3.jpg,1
twigma/images/1562654148981510146_1.jpg,1
twigma/images/1565226386364764163_2.jpg,1
twigma/images/1581490093436854272_1.jpg,1
twigma/images/1608525581934624768_1.jpg,1
twigma/images/1569016166978584576_1.jpg,1
twigma/images/1517980258590412800_3.jpg,1
twigma/images/1436088440811147274_2.jpg,1
twigma/images/1583070002000760832_2.jpg,1
twigma/images/1570172765017370625_1.jpg,1
twigma/images/1579823230462087169_1.jpg,1
twigma/images/1581006443297181696_3.jpg,1
twigma/images/1569592039582449664_1.jpg,1
twigma/images/1508965479804715011_1.jpg,1
twigma/images/1566227682601598976_1.jpg,1
twigma/images/1578254684082831360_4.jpg,1
twigma/images/1481336338092032000_1.jpg,1
twigma/images/1605930150515707905_1.jpg,1
twigma/images/1571910646069071874_1.jpg,1
twigma/images/1595034587671171073_1.jpg,1
twigma/images/1577255994027134976_1.jpg,1
twigma/images/1603103935664984065_1.jpg,1
twigma/images/1557686221459009537_1.jpg,1
twigma/images/1581102037290610688_1.jpg,1
twigma/images/1560818137867685888_1.jpg,1
twigma/images/1605352489934635009_2.jpg,1
twigma/images/1584293739085692928_4.jpg,1
twigma/images/1527664056957808640_1.jpg,1
twigma/images/1507484967277846530_1.jpg,1
twigma/images/1586012663141711873_4.jpg,1
twigma/images/1603474515039621120_1.jpg,1
twigma/images/1574779483353219074_1.jpg,1
twigma/images/1607462536600854529_2.jpg,1
twigma/images/1581815539139112963_1.jpg,1
twigma/images/1586448093700296704_2.jpg,1
twigma/images/1584274647033401344_3.jpg,1
twigma/images/1603319363129729024_1.jpg,1
twigma/images/1583142669177344000_4.jpg,1
twigma/images/1608531348289118210_1.jpg,1
twigma/images/1575612627404718080_1.jpg,1
twigma/images/1608498970371973121_2.jpg,1
twigma/images/1581148764118863872_1.jpg,1
twigma/images/1562515119434637314_1.jpg,1
twigma/images/1517419902763741184_1.jpg,1
twigma/images/1438564877984018432_1.jpg,1
twigma/images/1556905813901443072_2.jpg,1
twigma/images/1578468201544880129_1.jpg,1
twigma/images/1584325001091903489_1.jpg,1
twigma/images/1563992173573464064_1.jpg,1
twigma/images/1568296652741689349_1.jpg,1
twigma/images/1579948361725399040_1.jpg,1
twigma/images/1606147740420947970_4.jpg,1
twigma/images/1564280477514612738_1.jpg,1
twigma/images/1583095254571327489_1.jpg,1
twigma/images/1510632477437607938_3.jpg,1
twigma/images/1578606278871769088_1.jpg,1
twigma/images/1573264588342272000_1.jpg,1
twigma/images/1571786297286574080_3.jpg,1
twigma/images/1577099335816597505_4.jpg,1
twigma/images/1579072657265659905_1.jpg,1
twigma/images/1596966124570411009_2.jpg,1
twigma/images/1573762350875918336_1.jpg,1
twigma/images/1567377374609653761_1.jpg,1
twigma/images/1580257165709049856_1.jpg,1
twigma/images/1580945250859634688_1.jpg,1
twigma/images/1529905134922256395_1.jpg,1
twigma/images/1607864716407209986_3.jpg,1
twigma/images/1574019638253469696_1.jpg,1
twigma/images/1566556621563744258_2.jpg,1
twigma/images/1606152571231535104_1.jpg,1
twigma/images/1563530471140499456_1.jpg,1
twigma/images/1569312477761998854_1.jpg,1
twigma/images/1575482771925274625_1.jpg,1
twigma/images/1568482802420830208_1.jpg,1
twigma/images/1580364458932973568_1.jpg,1
twigma/images/1492932976803557388_1.jpg,1
twigma/images/1586819691720642560_1.jpg,1
twigma/images/1599954604485378048_1.jpg,1
twigma/images/1574273435739602945_1.jpg,1
twigma/images/1585999599843450881_1.jpg,1
twigma/images/1600754654559641600_1.jpg,1
twigma/images/1558474218546728960_1.jpg,1
twigma/images/1562268191799365632_4.jpg,1
twigma/images/1575823746107314177_1.jpg,1
twigma/images/1565903160912355329_3.jpg,1
twigma/images/1607858864648486914_1.jpg,1
twigma/images/1601102297785827328_1.jpg,1
twigma/images/1581974000112046080_2.jpg,1
twigma/images/1574422645864472576_2.jpg,1
twigma/images/1560304063861796864_1.jpg,1
twigma/images/1575485787134533632_1.jpg,1
twigma/images/1585051505932918786_1.jpg,1
twigma/images/1567980239950647296_3.jpg,1
twigma/images/1560659626794061824_3.jpg,1
twigma/images/1583177282763444225_1.jpg,1
twigma/images/1568079271809228801_4.jpg,1
twigma/images/1578608900328210432_3.jpg,1
twigma/images/1581702449819111425_1.jpg,1
twigma/images/1579214271233552384_2.jpg,1
twigma/images/1593372119441629186_1.jpg,1
twigma/images/1566604754435932161_1.jpg,1
twigma/images/1581153180825460737_1.jpg,1
twigma/images/1607062880247074822_1.jpg,1
twigma/images/1585616060732014592_1.jpg,1
twigma/images/1601366307198627840_2.jpg,1
twigma/images/1478425895614377984_1.jpg,1
twigma/images/1579101916843642880_1.jpg,1
twigma/images/1604273326662324225_1.jpg,1
twigma/images/1585005394010640384_1.jpg,1
twigma/images/1599608128806715394_1.jpg,1
twigma/images/1601823982919028742_1.jpg,1
twigma/images/1528703166468038656_1.jpg,1
twigma/images/1561708814373625856_2.jpg,1
twigma/images/1586420103687675906_1.jpg,1
twigma/images/1578342858142060549_1.jpg,1
twigma/images/1575450704436727810_4.jpg,1
twigma/images/1566174172186918913_2.jpg,1
twigma/images/1582350555456110594_1.jpg,1
twigma/images/1604810578849333248_1.jpg,1
twigma/images/1603414362185555969_1.jpg,1
twigma/images/1605115743351119872_1.jpg,1
twigma/images/1574160634647912459_1.jpg,1
twigma/images/1599341270622941184_1.jpg,1
twigma/images/1574120491761094656_2.jpg,1
twigma/images/1576212338490761216_1.jpg,1
twigma/images/1497576318455762951_1.jpg,1
twigma/images/1606951664908378112_1.jpg,1
twigma/images/1585340153492537345_1.jpg,1
twigma/images/1570230927749521408_1.jpg,1
twigma/images/1572567841890770946_1.jpg,1
twigma/images/1563818511621062656_3.jpg,1
twigma/images/1600246128720891904_1.jpg,1
twigma/images/1515599118017740801_1.jpg,1
twigma/images/1585829522129272832_3.jpg,1
twigma/images/1608242943424593921_3.jpg,1
twigma/images/1586074702623014912_3.jpg,1
twigma/images/1582563688497631235_1.jpg,1
twigma/images/1575885564292866048_2.jpg,1
twigma/images/1604577117488181248_3.jpg,1
twigma/images/1557680729802346496_1.jpg,1
twigma/images/1563460673182773248_1.jpg,1
twigma/images/1585090894361157632_1.jpg,1
twigma/images/1569681382112169984_1.jpg,1
twigma/images/1486393735919411204_1.jpg,1
twigma/images/1586378265102807040_3.jpg,1
twigma/images/1577925273357533184_2.jpg,1
twigma/images/1605582066703163393_2.jpg,1
twigma/images/1478518069588856836_1.jpg,1
twigma/images/1565040391426113536_1.jpg,1
twigma/images/1527976602470170627_1.jpg,1
twigma/images/1585527466579329024_1.jpg,1
twigma/images/1435683930208972803_2.jpg,1
twigma/images/1601093052327919617_4.jpg,1
twigma/images/1587102137577865216_1.jpg,1
twigma/images/1580380750448238593_1.jpg,1
twigma/images/1580608079766650880_1.jpg,1
twigma/images/1575863178868985856_1.jpg,1
twigma/images/1438827239978721281_1.jpg,1
twigma/images/1602735891520405512_1.jpg,1
twigma/images/1584647357345722368_1.jpg,1
twigma/images/1605452966223282177_4.jpg,1
twigma/images/1604233439850422273_1.jpg,1
twigma/images/1580708343785455617_2.jpg,1
twigma/images/1580354446516621314_1.jpg,1
twigma/images/1575289393153441794_1.jpg,1
twigma/images/1605251514658062336_1.jpg,1
twigma/images/1575664308637224961_3.jpg,1
twigma/images/1563698723393347584_1.jpg,1
twigma/images/1567403440405643265_4.jpg,1
twigma/images/1579040932170989568_1.jpg,1
twigma/images/1587063242198745090_1.jpg,1
twigma/images/1608709357247811584_2.jpg,1
twigma/images/1465350067724894219_1.jpg,1
twigma/images/1577841073661120513_1.jpg,1
twigma/images/1580271511134695424_1.jpg,1
twigma/images/1573387009976303617_3.jpg,1
twigma/images/1584152295981207554_1.jpg,1
twigma/images/1576865369297330176_3.jpg,1
twigma/images/1604238839807188992_1.jpg,1
twigma/images/1568736162784903169_1.jpg,1
twigma/images/1599954604485378048_2.jpg,1
twigma/images/1582518211089555456_1.jpg,1
twigma/images/1439058945809821697_1.jpg,1
twigma/images/1480277698907979778_4.jpg,1
twigma/images/1600480045394366464_1.jpg,1
twigma/images/1568225650716073984_1.jpg,1
twigma/images/1511113346359209984_2.jpg,1
twigma/images/1574779042133311489_1.jpg,1
twigma/images/1579008642728108032_1.jpg,1
twigma/images/1599576808852054016_1.jpg,1
twigma/images/1579623120511852544_1.jpg,1
twigma/images/1572399612237058048_1.jpg,1
twigma/images/1583496468559978499_1.jpg,1
twigma/images/1581442170325635072_4.jpg,1
twigma/images/1602150518800977921_1.jpg,1
twigma/images/1587135071668019200_1.jpg,1
twigma/images/1582769354537435141_2.jpg,1
twigma/images/1574450009344737280_1.jpg,1
twigma/images/1572312578327470084_1.jpg,1
twigma/images/1577917242020339712_1.jpg,1
twigma/images/1599508610001776641_1.jpg,1
twigma/images/1584650238408941568_1.jpg,1
twigma/images/1584822067995693057_1.jpg,1
twigma/images/1566547732562681860_1.jpg,1
twigma/images/1603909343690489856_1.jpg,1
twigma/images/1507862739812642817_2.jpg,1
twigma/images/1568547097775067137_1.jpg,1
twigma/images/1601673674016247809_2.jpg,1
twigma/images/1466915388982108162_1.jpg,1
twigma/images/1583619700675973120_1.jpg,1
twigma/images/1565009714710208512_4.jpg,1
twigma/images/1601342806156808192_1.jpg,1
twigma/images/1593200247257575425_1.jpg,1
twigma/images/1580886462652116992_1.jpg,1
twigma/images/1608966932438593536_1.jpg,1
twigma/images/1566497578585395201_4.jpg,1
twigma/images/1602755068993761280_2.jpg,1
twigma/images/1571664316914626560_1.jpg,1
twigma/images/1582645707340533760_1.jpg,1
twigma/images/1608063764049559558_1.jpg,1
twigma/images/1578860068686422016_2.jpg,1
twigma/images/1582447133676171264_1.jpg,1
twigma/images/1579514340319068160_1.jpg,1
twigma/images/1510614983356387329_1.jpg,1
twigma/images/1555991702304952321_1.jpg,1
twigma/images/1575882390870056962_1.jpg,1
twigma/images/1584635268287660033_1.jpg,1
twigma/images/1567401482823110657_3.jpg,1
twigma/images/1567588764301643776_1.jpg,1
twigma/images/1582418766251454477_1.jpg,1
twigma/images/1605659873567440899_1.jpg,1
twigma/images/1603799185362673664_1.jpg,1
twigma/images/1567877322648293379_1.jpg,1
twigma/images/1608518137485627397_1.jpg,1
twigma/images/1582538539119480832_1.jpg,1
twigma/images/1530886292367626241_2.jpg,1
twigma/images/1574276073306529793_1.jpg,1
twigma/images/1594985204560822272_1.jpg,1
twigma/images/1585761916718383110_1.jpg,1
twigma/images/1575701357251551232_1.jpg,1
twigma/images/1582067316375724033_1.jpg,1
twigma/images/1568507622042791937_1.jpg,1
twigma/images/1583921975755296769_4.jpg,1
twigma/images/1600519775070961667_1.jpg,1
twigma/images/1582025659270168579_1.jpg,1
twigma/images/1497893722524164096_1.jpg,1
twigma/images/1585750143189540864_4.jpg,1
twigma/images/1571204003966369797_1.jpg,1
twigma/images/1583206295284645888_1.jpg,1
twigma/images/1527360117812895745_1.jpg,1
twigma/images/1579307232965316609_1.jpg,1
twigma/images/1573059773792419840_1.jpg,1
twigma/images/1491143833039798272_2.jpg,1
twigma/images/1531701110473383939_2.jpg,1
twigma/images/1562332990977753088_1.jpg,1
twigma/images/1580428753330896896_1.jpg,1
twigma/images/1563476384290205700_1.jpg,1
twigma/images/1579989486556966913_1.jpg,1
twigma/images/1562073051671498752_2.jpg,1
twigma/images/1526495400588361730_1.jpg,1
twigma/images/1531577924729511937_1.jpg,1
twigma/images/1597725475996327936_1.jpg,1
twigma/images/1582727397769891840_3.jpg,1
twigma/images/1575518824153186305_1.jpg,1
twigma/images/1579699278154727425_4.jpg,1
twigma/images/1604231664821014530_1.jpg,1
twigma/images/1560056959038013441_1.jpg,1
twigma/images/1498754522117664774_1.jpg,1
twigma/images/1560353057896022018_1.jpg,1
twigma/images/1596525637527011336_1.jpg,1
twigma/images/1566908051000643584_1.jpg,1
twigma/images/1568404023904190465_1.jpg,1
twigma/images/1563480852037656579_1.jpg,1
twigma/images/1586683169675350016_1.jpg,1
twigma/images/1479498812200681475_1.jpg,1
twigma/images/1578620915298226177_2.jpg,1
twigma/images/1505948435178008576_3.jpg,1
twigma/images/1566477281316438016_1.jpg,1
twigma/images/1607312928503373824_1.jpg,1
twigma/images/1608427486202966016_2.jpg,1
twigma/images/1601826621660479488_1.jpg,1
twigma/images/1601212296218710019_1.jpg,1
twigma/images/1501679222762397696_1.jpg,1
twigma/images/1584294571009519616_2.jpg,1
twigma/images/1584407034706812928_1.jpg,1
twigma/images/1531307043793018882_1.jpg,1
twigma/images/1553829761084002307_1.jpg,1
twigma/images/1583069175257321473_1.jpg,1
twigma/images/1575536130828734470_1.jpg,1
twigma/images/1580168473069907968_1.jpg,1
twigma/images/1585362716465762307_1.jpg,1
twigma/images/1517095886672777216_1.jpg,1
twigma/images/1565793031600672768_4.jpg,1
twigma/images/1577027205934157824_1.jpg,1
twigma/images/1583379666487762944_1.jpg,1
twigma/images/1510632816966516745_2.jpg,1
twigma/images/1585755538243162112_1.jpg,1
twigma/images/1585886615943008256_2.jpg,1
twigma/images/1581730799011123200_3.jpg,1
twigma/images/1570044762979471362_3.jpg,1
twigma/images/1528389992321404928_1.jpg,1
twigma/images/1590636565994549248_1.jpg,1
twigma/images/1570752745258504193_1.jpg,1
twigma/images/1592956549705912320_1.jpg,1
twigma/images/1602283572991238147_1.jpg,1
twigma/images/1585874008934735872_1.jpg,1
twigma/images/1575437262480891905_1.jpg,1
twigma/images/1580285490925735936_2.jpg,1
twigma/images/1565384750235353088_1.jpg,1
twigma/images/1563818511621062656_2.jpg,1
twigma/images/1525197849155223559_1.jpg,1
twigma/images/1509185825531174912_3.jpg,1
twigma/images/1570904355423027200_2.jpg,1
twigma/images/1580842571450191872_1.jpg,1
twigma/images/1582363715722092546_4.jpg,1
twigma/images/1582348244566544386_1.jpg,1
twigma/images/1586894093489246212_1.jpg,1
twigma/images/1601256124657045504_1.jpg,1
twigma/images/1585173744997179392_1.jpg,1
twigma/images/1560982671173439491_4.jpg,1
twigma/images/1579339582604472320_4.jpg,1
twigma/images/1508767508727316482_3.jpg,1
twigma/images/1574826067629674504_2.jpg,1
twigma/images/1580948195303362561_1.jpg,1
twigma/images/1600778793459023872_2.jpg,1
twigma/images/1608837558750052355_1.jpg,1
twigma/images/1606769815863316481_1.jpg,1
twigma/images/1582048613911625728_2.jpg,1
twigma/images/1566339695826681857_4.jpg,1
twigma/images/1601545561328717825_1.jpg,1
twigma/images/1575486389533413378_1.jpg,1
twigma/images/1601136505359065090_1.jpg,1
twigma/images/1580427797364756480_1.jpg,1
twigma/images/1492852690380013572_1.jpg,1
twigma/images/1501315615176343556_1.jpg,1
twigma/images/1561074270322794497_1.jpg,1
twigma/images/1600376332709515265_1.jpg,1
twigma/images/1605865524604407812_2.jpg,1
twigma/images/1572954691751006209_1.jpg,1
twigma/images/1513544800170962946_3.jpg,1
twigma/images/1584890191487336454_1.jpg,1
twigma/images/1582003099052699652_1.jpg,1
twigma/images/1607508550489706497_2.jpg,1
twigma/images/1574138852780175360_3.jpg,1
twigma/images/1603607046057873408_2.jpg,1
twigma/images/1580614639104061440_1.jpg,1
twigma/images/1443662179710865424_1.jpg,1
twigma/images/1575327278631948291_1.jpg,1
twigma/images/1602399489607737346_1.jpg,1
twigma/images/1583493900874182656_1.jpg,1
twigma/images/1605991508863238175_1.jpg,1
twigma/images/1576486035588288512_3.jpg,1
twigma/images/1604115928115023874_4.jpg,1
twigma/images/1580880580824436736_1.jpg,1
twigma/images/1568186038400458754_1.jpg,1
twigma/images/1604185502734770179_3.jpg,1
twigma/images/1607213353298198531_1.jpg,1
twigma/images/1580280369055936512_1.jpg,1
twigma/images/1563982592894009344_1.jpg,1
twigma/images/1579695554103496704_4.jpg,1
twigma/images/1608327134417936388_4.jpg,1
twigma/images/1586715551971385345_1.jpg,1
twigma/images/1478615016827801601_1.jpg,1
twigma/images/1604888379631587328_4.jpg,1
twigma/images/1583646025880719363_1.jpg,1
twigma/images/1582457716760489984_1.jpg,1
twigma/images/1606104302111653888_1.jpg,1
twigma/images/1565864785199218695_1.jpg,1
twigma/images/1585628672588976128_1.jpg,1
twigma/images/1566425796067172353_1.jpg,1
twigma/images/1571761377504534528_2.jpg,1
twigma/images/1606841512175837184_1.jpg,1
twigma/images/1585018598875357184_1.jpg,1
twigma/images/1585532531427999746_1.jpg,1
twigma/images/1603710592803831808_1.jpg,1
twigma/images/1522585923237593088_1.jpg,1
twigma/images/1437047444580229123_2.jpg,1
twigma/images/1606458106829066241_1.jpg,1
twigma/images/1571152056211193856_1.jpg,1
twigma/images/1599412224241463296_1.jpg,1
twigma/images/1496120088235106311_1.jpg,1
twigma/images/1602039308571054080_1.jpg,1
twigma/images/1601212693272141825_1.jpg,1
twigma/images/1583908871311044609_1.jpg,1
twigma/images/1600128917192732672_1.jpg,1
twigma/images/1603399226012192768_1.jpg,1
twigma/images/1584641246987157505_1.jpg,1
twigma/images/1605306743860318208_1.jpg,1
twigma/images/1563984732676706305_3.jpg,1
twigma/images/1565022996221272071_1.jpg,1
twigma/images/1514624074508644352_2.jpg,1
twigma/images/1573414282456449041_2.jpg,1
twigma/images/1585845859035803648_1.jpg,1
twigma/images/1570136601476632576_2.jpg,1
twigma/images/1571123066239062017_1.jpg,1
twigma/images/1585024335202459665_1.jpg,1
twigma/images/1575281268920446976_2.jpg,1
twigma/images/1579900626376732673_3.jpg,1
twigma/images/1574772974825119746_4.jpg,1
twigma/images/1571118958702661632_1.jpg,1
twigma/images/1578943039095312384_1.jpg,1
twigma/images/1569132436730294272_2.jpg,1
twigma/images/1603135750001811456_1.jpg,1
twigma/images/1529938071197650945_1.jpg,1
twigma/images/1578680084562866176_1.jpg,1
twigma/images/1579123990886748160_2.jpg,1
twigma/images/1583837020014931969_1.jpg,1
twigma/images/1584650350253903873_1.jpg,1
twigma/images/1568179463598362625_1.jpg,1
twigma/images/1556193625025007617_2.jpg,1
twigma/images/1586556883330031616_3.jpg,1
twigma/images/1605773900972974080_1.jpg,1
twigma/images/1606771846543704064_1.jpg,1
twigma/images/1586698533691875329_1.jpg,1
twigma/images/1570332364802334720_1.jpg,1
twigma/images/1584679688105910273_2.jpg,1
twigma/images/1582496347692838913_1.jpg,1
twigma/images/1566755997141663744_2.jpg,1
twigma/images/1581769279933800448_1.jpg,1
twigma/images/1511066918614192135_1.jpg,1
twigma/images/1582066888363761664_1.jpg,1
twigma/images/1581059354773827586_3.jpg,1
twigma/images/1579279585115803649_1.jpg,1
twigma/images/1604898170471067648_1.jpg,1
twigma/images/1579125023960629248_1.jpg,1
twigma/images/1580608848427388929_1.jpg,1
twigma/images/1565869957769986050_1.jpg,1
twigma/images/1564048918828224514_1.jpg,1
twigma/images/1580850832269922305_1.jpg,1
twigma/images/1561849007902789633_1.jpg,1
twigma/images/1584534035849973761_1.jpg,1
twigma/images/1594618720072122369_1.jpg,1
twigma/images/1491021427507867648_1.jpg,1
twigma/images/1567755198508171266_1.jpg,1
twigma/images/1574135090917113861_2.jpg,1
twigma/images/1507860072059260936_3.jpg,1
twigma/images/1576038384426188800_1.jpg,1
twigma/images/1602069922481426436_1.jpg,1
twigma/images/1576274993268170758_4.jpg,1
twigma/images/1580351867296829440_2.jpg,1
twigma/images/1562121230936948737_1.jpg,1
twigma/images/1558438199793487873_1.jpg,1
twigma/images/1581391592249704449_2.jpg,1
twigma/images/1599476998388203523_1.jpg,1
twigma/images/1606792948099997696_1.jpg,1
twigma/images/1585038638173147136_1.jpg,1
twigma/images/1568826195063746561_1.jpg,1
twigma/images/1602005611830734849_1.jpg,1
twigma/images/1608768763301892096_1.jpg,1
twigma/images/1602534588550553600_1.jpg,1
twigma/images/1524060403277381632_2.jpg,1
twigma/images/1572313818881196033_1.jpg,1
twigma/images/1557126445566230528_2.jpg,1
twigma/images/1581512805395869702_1.jpg,1
twigma/images/1584800909623803904_1.jpg,1
twigma/images/1564295071323033602_1.jpg,1
twigma/images/1600940185990021120_3.jpg,1
twigma/images/1585923714960412672_1.jpg,1
twigma/images/1608173293978411008_1.jpg,1
twigma/images/1562841709519577090_1.jpg,1
twigma/images/1578011848049274880_3.jpg,1
twigma/images/1585321459484094466_1.jpg,1
twigma/images/1604608174392332289_1.jpg,1
twigma/images/1585540476861648898_1.jpg,1
twigma/images/1567574388052205568_1.jpg,1
twigma/images/1576910499031441408_1.jpg,1
twigma/images/1570024036259733504_1.jpg,1
twigma/images/1498658203277615111_1.jpg,1
twigma/images/1603344122319761408_1.jpg,1
twigma/images/1579530393384267779_2.jpg,1
twigma/images/1586049464808402945_1.jpg,1
twigma/images/1595516584046776320_1.jpg,1
twigma/images/1582460624868868096_1.jpg,1
twigma/images/1608528960153059329_1.jpg,1
twigma/images/1582311800283938816_1.jpg,1
twigma/images/1557455951896141825_1.jpg,1
twigma/images/1449087687449878531_2.jpg,1
twigma/images/1566214060957368321_1.jpg,1
twigma/images/1605343288726548480_1.jpg,1
twigma/images/1601985969368059905_1.jpg,1
twigma/images/1578336926767099904_4.jpg,1
twigma/images/1606986751314100224_4.jpg,1
twigma/images/1560630537131159555_1.jpg,1
twigma/images/1436120131785084929_1.jpg,1
twigma/images/1574949542021275649_1.jpg,1
twigma/images/1580462250971697152_1.jpg,1
twigma/images/1608418077112401920_1.jpg,1
twigma/images/1574540914302676994_1.jpg,1
twigma/images/1578531747251093504_1.jpg,1
twigma/images/1584524617581936641_1.jpg,1
twigma/images/1572966448791801856_3.jpg,1
twigma/images/1570969315519909889_1.jpg,1
twigma/images/1608619029950005248_1.jpg,1
twigma/images/1601468292144975876_1.jpg,1
twigma/images/1580287094236536833_3.jpg,1
twigma/images/1603247864972443648_1.jpg,1
twigma/images/1584449759254745090_1.jpg,1
twigma/images/1580872420961161221_1.jpg,1
twigma/images/1585031920857059329_1.jpg,1
twigma/images/1585780056219127809_1.jpg,1
twigma/images/1603451466500521996_4.jpg,1
twigma/images/1606838016856948736_1.jpg,1
twigma/images/1583645192938467328_1.jpg,1
twigma/images/1583363616342175744_1.jpg,1
twigma/images/1583805669232193536_1.jpg,1
twigma/images/1580625049576706048_1.jpg,1
twigma/images/1604544071040749574_1.jpg,1
twigma/images/1513891369718329362_4.jpg,1
twigma/images/1575574261342695429_3.jpg,1
twigma/images/1557434125593853952_2.jpg,1
twigma/images/1584648093806784512_1.jpg,1
twigma/images/1586253017128501251_1.jpg,1
twigma/images/1528035668567330816_1.jpg,1
twigma/images/1557749977023234050_3.jpg,1
twigma/images/1600400861188038656_4.jpg,1
twigma/images/1584930525373874176_1.jpg,1
twigma/images/1568358266249297924_1.jpg,1
twigma/images/1600439140906057731_1.jpg,1
twigma/images/1583715127051767808_1.jpg,1
twigma/images/1585021068766457856_1.jpg,1
twigma/images/1511727726809559041_1.jpg,1
twigma/images/1527294050180550657_3.jpg,1
twigma/images/1524750258466553860_1.jpg,1
twigma/images/1606145707630505984_1.jpg,1
twigma/images/1604271432904613890_1.jpg,1
twigma/images/1568760744623378432_1.jpg,1
twigma/images/1601127885280092165_1.jpg,1
twigma/images/1574657072934821888_1.jpg,1
twigma/images/1565354822295236610_1.jpg,1
twigma/images/1603962268324368385_1.jpg,1
twigma/images/1600998423087353856_1.jpg,1
twigma/images/1582618843154812929_1.jpg,1
twigma/images/1586930463893061635_1.jpg,1
twigma/images/1601260415471783939_1.jpg,1
twigma/images/1578115524780871683_1.jpg,1
twigma/images/1603475338796929036_1.jpg,1
twigma/images/1570022058041679873_3.jpg,1
twigma/images/1452115706749677574_3.jpg,1
twigma/images/1579419382396379136_1.jpg,1
twigma/images/1601092414936330241_1.jpg,1
twigma/images/1578353416216059904_3.jpg,1
twigma/images/1578932131648397313_1.jpg,1
twigma/images/1604354662232166400_1.jpg,1
twigma/images/1599327178843639808_1.jpg,1
twigma/images/1586354998224748544_1.jpg,1
twigma/images/1585281348444590080_1.jpg,1
twigma/images/1561965818581110784_1.jpg,1
twigma/images/1585749694520631296_1.jpg,1
twigma/images/1587111607665979398_1.jpg,1
twigma/images/1600290585864294400_1.jpg,1
twigma/images/1580090020899487746_1.jpg,1
twigma/images/1568997748535447553_1.jpg,1
twigma/images/1607799553021063168_1.jpg,1
twigma/images/1585281109293768705_1.jpg,1
twigma/images/1574746754968391682_1.png,1
twigma/images/1578406367463116803_1.jpg,1
twigma/images/1608027210480484352_1.jpg,1
twigma/images/1574003422025621505_1.jpg,1
twigma/images/1579180120912584704_1.jpg,1
twigma/images/1606992878626115585_1.jpg,1
twigma/images/1608528047174733825_2.jpg,1
twigma/images/1564329458609291265_1.jpg,1
twigma/images/1562496933901774853_3.jpg,1
twigma/images/1569363453634318336_1.jpg,1
twigma/images/1600859035649339393_1.jpg,1
twigma/images/1572824981339537408_1.jpg,1
twigma/images/1574243206354681856_4.jpg,1
twigma/images/1598991313831084032_1.jpg,1
twigma/images/1559967265629642755_2.jpg,1
twigma/images/1514802578558652425_2.jpg,1
twigma/images/1602177934382567424_1.jpg,1
twigma/images/1579007853540839425_2.jpg,1
twigma/images/1503245551969611781_1.jpg,1
twigma/images/1595728770677280769_1.jpg,1
twigma/images/1607730620117168129_1.jpg,1
twigma/images/1527218080941649921_1.jpg,1
twigma/images/1527219366076461057_1.jpg,1
twigma/images/1575878022824984576_1.jpg,1
twigma/images/1480733463561048067_4.jpg,1
twigma/images/1566134596043001857_1.jpg,1
twigma/images/1582139604882575361_2.jpg,1
twigma/images/1601277796072198144_4.jpg,1
twigma/images/1586052237662556161_1.jpg,1
twigma/images/1582003763065151488_3.jpg,1
twigma/images/1586872161905840128_1.jpg,1
twigma/images/1577410400647192576_1.jpg,1
twigma/images/1585666627735003143_1.jpg,1
twigma/images/1583070002000760832_4.jpg,1
twigma/images/1586058688854360064_1.jpg,1
twigma/images/1599812581539155969_1.jpg,1
twigma/images/1571606004713783301_1.jpg,1
twigma/images/1606022806000394240_1.jpg,1
twigma/images/1563275637179109381_2.jpg,1
twigma/images/1576592034369982464_1.jpg,1
twigma/images/1529725549891002370_1.jpg,1
twigma/images/1514256102959075329_2.jpg,1
twigma/images/1596190027520036865_4.jpg,1
twigma/images/1576297911519805441_1.jpg,1
twigma/images/1509725830771003392_1.jpg,1
twigma/images/1586344278774759424_1.jpg,1
twigma/images/1568745706101575680_1.jpg,1
twigma/images/1579623932365533184_1.jpg,1
twigma/images/1559487869420437504_1.jpg,1
twigma/images/1604289277441224704_1.jpg,1
twigma/images/1567398063366631425_3.jpg,1
twigma/images/1605293375636152320_4.jpg,1
twigma/images/1587097432856354828_4.jpg,1
twigma/images/1581709488721375232_3.jpg,1
twigma/images/1565776914396094464_3.jpg,1
twigma/images/1559116850880970752_1.jpg,1
twigma/images/1586012663141711873_1.jpg,1
twigma/images/1576294840245321728_1.jpg,1
twigma/images/1583803851505033216_1.jpg,1
twigma/images/1581180365729058818_3.jpg,1
twigma/images/1562772710295363585_2.jpg,1
twigma/images/1567803248853094404_1.jpg,1
twigma/images/1566467938156150784_1.jpg,1
twigma/images/1601613620949192704_1.jpg,1
twigma/images/1581012549218467842_1.jpg,1
twigma/images/1584921658355511297_1.jpg,1
twigma/images/1581225335924084736_1.jpg,1
twigma/images/1585176027956797440_1.jpg,1
twigma/images/1598493466081873920_1.jpg,1
twigma/images/1600115662726127616_1.jpg,1
twigma/images/1586556883330031616_1.jpg,1
twigma/images/1558618925784616960_1.jpg,1
twigma/images/1601533663912787968_1.jpg,1
twigma/images/1608666270580473863_1.jpg,1
twigma/images/1570884663157358592_1.jpg,1
twigma/images/1526549140699811840_2.jpg,1
twigma/images/1569999036593197058_1.jpg,1
twigma/images/1562713332251267072_3.jpg,1
twigma/images/1580028697481879552_2.jpg,1
twigma/images/1585019547106840578_1.jpg,1
twigma/images/1592938924661690368_4.jpg,1
twigma/images/1522504189661704193_1.jpg,1
twigma/images/1600516950714712067_2.jpg,1
twigma/images/1585688797559357440_1.jpg,1
twigma/images/1599722752411197441_1.jpg,1
twigma/images/1604906914025832448_1.jpg,1
twigma/images/1526651971041538048_1.jpg,1
twigma/images/1566435494963060736_1.jpg,1
twigma/images/1582090384343113728_1.jpg,1
twigma/images/1607244947811450881_1.jpg,1
twigma/images/1574394041071915008_1.jpg,1
twigma/images/1575825391360806912_1.jpg,1
twigma/images/1529905134922256395_4.jpg,1
twigma/images/1601966021543354369_1.jpg,1
twigma/images/1579609219203899392_2.jpg,1
twigma/images/1578440253190197248_1.jpg,1
twigma/images/1561405043806416896_1.jpg,1
twigma/images/1602031871138807808_2.jpg,1
twigma/images/1582564370030071808_1.jpg,1
twigma/images/1575884177479983104_1.jpg,1
twigma/images/1585154924047835136_1.jpg,1
twigma/images/1604229611390242816_1.jpg,1
twigma/images/1567472952576188417_1.jpg,1
twigma/images/1515379855956881421_1.jpg,1
twigma/images/1608174530975141889_2.jpg,1
twigma/images/1568500805480910848_1.jpg,1
twigma/images/1558402107769864193_1.jpg,1
twigma/images/1604239001187147778_1.jpg,1
twigma/images/1568493291871817728_1.jpg,1
twigma/images/1604396436514299904_1.jpg,1
twigma/images/1606441722027905025_1.jpg,1
twigma/images/1572063652865519616_1.jpg,1
twigma/images/1572632493672759296_1.jpg,1
twigma/images/1571881699360874496_1.jpg,1
twigma/images/1528063735939465216_1.jpg,1
twigma/images/1571278626162720768_1.jpg,1
twigma/images/1575165388412682251_1.jpg,1
twigma/images/1565888150379331585_1.jpg,1
twigma/images/1574458713401860096_1.jpg,1
twigma/images/1579430780128096257_4.jpg,1
twigma/images/1604928952010678284_1.jpg,1
twigma/images/1567812991755898880_1.jpg,1
twigma/images/1564254561099038720_1.jpg,1
twigma/images/1570314344465932290_4.jpg,1
twigma/images/1586266563384049665_1.jpg,1
twigma/images/1583881792150736896_1.jpg,1
twigma/images/1607185081717886976_1.jpg,1
twigma/images/1569326097765892097_1.jpg,1
twigma/images/1580226008590221312_1.jpg,1
twigma/images/1597689469724856320_1.jpg,1
twigma/images/1562363332836970497_1.jpg,1
twigma/images/1514606816172281857_3.jpg,1
twigma/images/1569685430492340231_3.jpg,1
twigma/images/1585069071770349568_2.jpg,1
twigma/images/1568194494708817926_1.jpg,1
twigma/images/1606243822161211392_3.jpg,1
twigma/images/1503056837976932355_1.jpg,1
twigma/images/1497193365246517259_1.jpg,1
twigma/images/1585055353062199296_3.jpg,1
twigma/images/1599609514830938112_1.jpg,1
twigma/images/1562891867871514626_1.jpg,1
twigma/images/1608185883492077569_1.jpg,1
twigma/images/1580597237972815872_1.jpg,1
twigma/images/1566788242728398849_1.jpg,1
twigma/images/1588945740100796416_1.jpg,1
twigma/images/1557015853341806592_1.jpg,1
twigma/images/1571530878244855811_1.jpg,1
twigma/images/1571353768695824384_3.jpg,1
twigma/images/1584108441219407875_1.jpg,1
twigma/images/1602088862989303808_2.jpg,1
twigma/images/1604304343544406016_1.jpg,1
twigma/images/1470651582261780482_3.jpg,1
twigma/images/1596268503715442688_1.jpg,1
twigma/images/1570306421186404352_1.jpg,1
twigma/images/1573337855778332673_2.jpg,1
twigma/images/1577094945571495936_1.jpg,1
twigma/images/1577043275768135680_1.jpg,1
twigma/images/1585966548748881920_1.jpg,1
twigma/images/1568936229366038529_1.jpg,1
twigma/images/1599980047628382209_1.jpg,1
twigma/images/1569929022850879488_1.jpg,1
twigma/images/1575025269127393281_1.jpg,1
twigma/images/1583971309209681920_1.jpg,1
twigma/images/1582954884508585984_1.jpg,1
twigma/images/1568942267075010560_4.jpg,1
twigma/images/1579145588628918274_1.jpg,1
twigma/images/1606049363968413696_1.jpg,1
twigma/images/1603232938417594368_1.jpg,1
twigma/images/1576465748372836352_2.jpg,1
twigma/images/1608410153803710466_1.jpg,1
twigma/images/1586848971950944256_1.jpg,1
twigma/images/1511132169611194368_4.jpg,1
twigma/images/1586450729711022080_1.jpg,1
twigma/images/1577097852651610112_1.jpg,1
twigma/images/1607021340367925248_2.jpg,1
twigma/images/1608533630720307201_1.jpg,1
twigma/images/1523780438031929345_1.jpg,1
twigma/images/1511440306427752451_1.jpg,1
twigma/images/1581355476075388928_1.jpg,1
twigma/images/1497841531486715904_1.jpg,1
twigma/images/1586432558006472704_1.jpg,1
twigma/images/1606697699104923648_2.jpg,1
twigma/images/1600357131655737344_1.jpg,1
twigma/images/1520286374892560384_1.jpg,1
twigma/images/1568670031579340805_1.jpg,1
twigma/images/1583916171208036352_2.jpg,1
twigma/images/1508908317342633985_1.jpg,1
twigma/images/1583530953737048064_3.jpg,1
twigma/images/1574985021735440384_1.jpg,1
twigma/images/1599916937211170816_1.jpg,1
twigma/images/1518575095387926528_1.jpg,1
twigma/images/1581390604071620608_1.jpg,1
twigma/images/1573664108108738560_1.jpg,1
twigma/images/1515569282939293698_2.jpg,1
twigma/images/1604904195643084837_1.jpg,1
twigma/images/1593008536258490369_1.jpg,1
twigma/images/1563426077912940545_3.jpg,1
twigma/images/1578205060797956096_2.jpg,1
twigma/images/1577041158177423361_1.jpg,1
twigma/images/1583857014438256640_1.jpg,1
twigma/images/1489433266276999168_1.jpg,1
twigma/images/1494039126429118465_1.jpg,1
twigma/images/1586166079197511682_1.jpg,1
twigma/images/1594795616663642120_1.jpg,1
twigma/images/1604240601859338240_1.jpg,1
twigma/images/1529471393951141889_1.jpg,1
twigma/images/1608541172783542273_1.jpg,1
twigma/images/1561716586167373826_1.jpg,1
twigma/images/1579919368036659200_1.jpg,1
twigma/images/1569176584816578562_1.jpg,1
twigma/images/1585540938176385025_1.jpg,1
twigma/images/1574553655469957122_1.jpg,1
twigma/images/1584250017283350528_2.jpg,1
twigma/images/1603253522212044802_1.jpg,1
twigma/images/1576973966794952705_1.jpg,1
twigma/images/1576705641980526592_1.jpg,1
twigma/images/1584343363775791104_2.jpg,1
twigma/images/1580695134009970688_2.jpg,1
twigma/images/1581339779798827008_1.jpg,1
twigma/images/1568115586479304705_1.jpg,1
twigma/images/1564956168010829824_4.jpg,1
twigma/images/1600944960395542528_1.jpg,1
twigma/images/1604364593693949952_1.jpg,1
twigma/images/1579314191718297600_1.jpg,1
twigma/images/1577802398847963137_3.jpg,1
twigma/images/1584870856177684481_1.jpg,1
twigma/images/1586771518973149184_2.jpg,1
twigma/images/1579834944083615744_3.jpg,1
twigma/images/1513537789849214982_3.jpg,1
twigma/images/1563882126986051584_1.jpg,1
twigma/images/1598589823975038976_1.jpg,1
twigma/images/1570608136444325888_2.jpg,1
twigma/images/1521150939805396992_1.jpg,1
twigma/images/1582535667510562816_1.jpg,1
twigma/images/1607774454150762501_1.jpg,1
twigma/images/1565401058557526017_2.jpg,1
twigma/images/1581924931981352960_1.jpg,1
twigma/images/1556687547203330048_1.jpg,1
twigma/images/1576307630460792832_1.jpg,1
twigma/images/1584550733126701059_1.jpg,1
twigma/images/1520831287963049985_1.jpg,1
twigma/images/1605885294670233601_1.jpg,1
twigma/images/1521512396938006529_2.jpg,1
twigma/images/1587196463548874752_1.jpg,1
twigma/images/1575599604443160576_1.jpg,1
twigma/images/1577489411746721793_1.jpg,1
twigma/images/1581044101163536384_1.jpg,1
twigma/images/1580153682867277824_1.jpg,1
twigma/images/1578835139173691392_1.jpg,1
twigma/images/1605920024547545088_1.jpg,1
twigma/images/1584029164155572224_1.jpg,1
twigma/images/1520286856293851136_1.jpg,1
twigma/images/1575394656371806208_1.jpg,1
twigma/images/1584766963519479808_1.jpg,1
twigma/images/1583960906676916226_1.jpg,1
twigma/images/1580373590738104321_1.jpg,1
twigma/images/1513905309919625217_1.jpg,1
twigma/images/1608000707315257347_1.jpg,1
twigma/images/1579616418303463425_1.jpg,1
twigma/images/1605646268356710400_2.jpg,1
twigma/images/1573595973397381122_1.jpg,1
twigma/images/1608970676441960448_1.jpg,1
twigma/images/1504803059343495174_2.jpg,1
twigma/images/1607507116310528000_3.jpg,1
twigma/images/1580745736941367296_1.jpg,1
twigma/images/1600214399809032193_1.jpg,1
twigma/images/1435933736651087872_2.jpg,1
twigma/images/1601935398745391106_2.jpg,1
twigma/images/1604176122828161027_1.jpg,1
twigma/images/1571160861078700033_1.jpg,1
twigma/images/1580587783055634434_1.jpg,1
twigma/images/1579761477481033729_1.jpg,1
twigma/images/1608196324578701314_2.jpg,1
twigma/images/1565405369639337988_1.jpg,1
twigma/images/1578699009945849856_1.jpg,1
twigma/images/1608893762121474048_1.jpg,1
twigma/images/1586786107563319296_4.jpg,1
twigma/images/1606548124624773120_1.jpg,1
twigma/images/1520781277397282819_1.jpg,1
twigma/images/1582475814666350592_2.jpg,1
twigma/images/1590399886205198337_1.jpg,1
twigma/images/1587015430476111873_1.jpg,1
twigma/images/1607364982429343745_3.jpg,1
twigma/images/1573044737992544261_1.jpg,1
twigma/images/1558230972113600515_1.jpg,1
twigma/images/1602729361022525445_1.jpg,1
twigma/images/1561857246224687106_2.jpg,1
twigma/images/1601135434406428672_1.jpg,1
twigma/images/1601380680058839041_1.jpg,1
twigma/images/1601207186268438529_1.jpg,1
twigma/images/1605751404848562179_1.jpg,1
twigma/images/1583766328036687873_1.jpg,1
twigma/images/1586651315068981248_1.jpg,1
twigma/images/1580151418597834754_1.jpg,1
twigma/images/1603377984919912448_1.jpg,1
twigma/images/1469637089717362696_4.jpg,1
twigma/images/1585808820042928128_2.jpg,1
twigma/images/1525785048003248129_1.jpg,1
twigma/images/1584648311570837504_1.jpg,1
twigma/images/1607531330325053441_1.jpg,1
twigma/images/1579521060860727296_3.jpg,1
twigma/images/1600993257701355523_1.jpg,1
twigma/images/1608465116940603394_1.jpg,1
twigma/images/1521965574380830721_1.jpg,1
twigma/images/1578755770895958016_1.jpg,1
twigma/images/1605383788057575425_2.jpg,1
twigma/images/1498760995115786244_1.jpg,1
twigma/images/1527398102226939906_1.jpg,1
twigma/images/1442346510688002053_1.jpg,1
twigma/images/1604954927062781954_1.jpg,1
twigma/images/1516127188633980934_2.jpg,1
twigma/images/1583530776100237314_1.jpg,1
twigma/images/1584679688105910273_3.jpg,1
twigma/images/1586108485850189825_1.jpg,1
twigma/images/1581300916468453383_4.jpg,1
twigma/images/1608273900475133953_1.jpg,1
twigma/images/1601343334923919360_1.jpg,1
twigma/images/1571885735208181761_1.jpg,1
twigma/images/1568978057733754881_1.jpg,1
twigma/images/1587215667173896192_1.jpg,1
twigma/images/1580261324595990528_1.jpg,1
twigma/images/1604442434624262145_1.jpg,1
twigma/images/1560598886405767168_1.jpg,1
twigma/images/1579610745595375619_1.jpg,1
twigma/images/1579856443490340864_1.jpg,1
twigma/images/1592101246252584962_4.jpg,1
twigma/images/1577771087147909122_1.jpg,1
twigma/images/1602336930104053760_1.jpg,1
twigma/images/1605801732948209664_1.jpg,1
twigma/images/1575888036520656897_1.jpg,1
twigma/images/1602746815358636032_1.jpg,1
twigma/images/1581187235193716736_2.jpg,1
twigma/images/1600943995299201024_1.jpg,1
twigma/images/1528092587847991297_3.jpg,1
twigma/images/1583918514758639616_1.jpg,1
twigma/images/1561508008001261569_1.jpg,1
twigma/images/1579479530074697728_1.jpg,1
twigma/images/1585089030760595457_2.jpg,1
twigma/images/1506616046286954497_2.jpg,1
twigma/images/1581421043046305792_1.jpg,1
twigma/images/1604247711511097344_1.jpg,1
twigma/images/1601155677069926401_1.jpg,1
twigma/images/1512265755462537220_1.jpg,1
twigma/images/1608190134742138883_1.jpg,1
twigma/images/1573382082147287041_1.jpg,1
twigma/images/1473265817613750274_1.jpg,1
twigma/images/1577724101355081751_1.jpg,1
twigma/images/1570906724433035266_1.jpg,1
twigma/images/1606552842290229248_1.jpg,1
twigma/images/1564545337993445378_2.jpg,1
twigma/images/1586458231664041984_1.jpg,1
twigma/images/1569802467596173312_1.jpg,1
twigma/images/1599777107005280258_1.jpg,1
twigma/images/1601638093194682369_1.jpg,1
twigma/images/1605922936615235585_1.jpg,1
twigma/images/1570403057485025280_1.jpg,1
twigma/images/1456992997397127168_1.jpg,1
twigma/images/1575470608443400192_1.jpg,1
twigma/images/1591030478869594112_1.jpg,1
twigma/images/1606125170665537536_1.jpg,1
twigma/images/1585966502855204866_1.jpg,1
twigma/images/1557450381092954116_3.jpg,1
twigma/images/1583128361186230275_2.jpg,1
twigma/images/1438224256891031560_3.jpg,1
twigma/images/1607793551227617281_2.jpg,1
twigma/images/1602219637542117376_1.jpg,1
twigma/images/1584595392205041664_1.jpg,1
twigma/images/1575569188483399680_1.jpg,1
twigma/images/1565729958277816326_1.jpg,1
twigma/images/1589082373966077952_3.jpg,1
twigma/images/1580088311024013318_1.jpg,1
twigma/images/1584079577030483969_1.jpg,1
twigma/images/1599770568047329281_1.jpg,1
twigma/images/1586053287727534080_1.jpg,1
twigma/images/1512117498883231750_1.jpg,1
twigma/images/1580846941377687555_3.jpg,1
twigma/images/1602347653584617473_1.jpg,1
twigma/images/1584579217479847938_1.jpg,1
twigma/images/1574760845959102468_1.jpg,1
twigma/images/1568485794360303616_2.jpg,1
twigma/images/1603589376096686080_3.jpg,1
twigma/images/1580173784937803777_1.jpg,1
twigma/images/1583131129439088640_1.jpg,1
twigma/images/1608134008461983744_1.jpg,1
twigma/images/1592059758877474817_1.jpg,1
twigma/images/1583840390964469762_1.jpg,1
twigma/images/1580610774904381440_1.jpg,1
twigma/images/1494434685975347211_1.jpg,1
twigma/images/1568405328819097601_1.jpg,1
twigma/images/1584980132464164864_1.jpg,1
twigma/images/1582531111837569024_1.jpg,1
twigma/images/1568050604588539906_4.jpg,1
twigma/images/1581515266919665664_1.jpg,1
twigma/images/1602314722182930435_2.jpg,1
twigma/images/1564404949093650438_1.jpg,1
twigma/images/1573818914408128513_1.jpg,1
twigma/images/1570922578826653696_1.jpg,1
twigma/images/1599204886142275584_1.jpg,1
twigma/images/1564872068956577792_1.jpg,1
twigma/images/1582782248440369155_1.jpg,1
twigma/images/1511921814984925184_1.jpg,1
twigma/images/1488885199177924608_1.jpg,1
twigma/images/1519863068427182080_1.jpg,1
twigma/images/1583288695750557698_1.jpg,1
twigma/images/1581771301185732609_2.jpg,1
twigma/images/1607772544605495296_1.jpg,1
twigma/images/1581646317566431233_4.jpg,1
twigma/images/1605755326904815616_2.jpg,1
twigma/images/1583367313101033473_1.jpg,1
twigma/images/1578455742327099392_1.jpg,1
twigma/images/1566580471214907392_4.jpg,1
twigma/images/1436143544176033803_1.jpg,1
twigma/images/1480029002140160001_1.jpg,1
twigma/images/1575698527044661249_1.jpg,1
twigma/images/1582727901803577346_2.jpg,1
twigma/images/1523660696281518086_1.jpg,1
twigma/images/1577332977180327936_1.jpg,1
twigma/images/1564094730157207553_3.jpg,1
twigma/images/1572244071598673920_1.jpg,1
twigma/images/1515522897325961217_1.jpg,1
twigma/images/1602010688381132805_3.jpg,1
twigma/images/1581637781586968577_1.jpg,1
twigma/images/1558034490169122817_4.jpg,1
twigma/images/1581740363693182977_1.jpg,1
twigma/images/1586513143727259648_1.jpg,1
twigma/images/1605430808537288705_4.jpg,1
twigma/images/1583791923784884228_3.jpg,1
twigma/images/1575884356022738945_1.jpg,1
twigma/images/1607005756326350849_1.jpg,1
twigma/images/1573197436834775041_1.jpg,1
twigma/images/1516005575531941890_2.jpg,1
twigma/images/1586859241796608000_1.jpg,1
twigma/images/1580940455293857794_1.jpg,1
twigma/images/1574312137748529153_4.jpg,1
twigma/images/1576337543230283776_1.jpg,1
twigma/images/1583903291574226949_1.jpg,1
twigma/images/1566425726924062721_1.jpg,1
twigma/images/1526370128614633472_1.jpg,1
twigma/images/1578342959417675777_1.jpg,1
twigma/images/1584341144313352192_1.jpg,1
twigma/images/1584433313301041157_1.jpg,1
twigma/images/1573048417911279616_1.jpg,1
twigma/images/1573714891118153728_3.jpg,1
twigma/images/1583274563840147456_1.jpg,1
twigma/images/1586689479930437633_3.jpg,1
twigma/images/1607670710599811073_3.jpg,1
twigma/images/1608350911847403521_1.jpg,1
twigma/images/1570954271033794562_1.jpg,1
twigma/images/1583548794834014208_3.jpg,1
twigma/images/1602808463335346176_1.jpg,1
twigma/images/1562333825073545216_1.jpg,1
twigma/images/1570761986857902081_2.jpg,1
twigma/images/1603924830650306564_1.jpg,1
twigma/images/1581145994515058688_1.jpg,1
twigma/images/1467203020383563779_1.jpg,1
twigma/images/1586985070614614016_1.jpg,1
twigma/images/1606546081277517824_1.jpg,1
twigma/images/1572571647999381509_1.jpg,1
twigma/images/1581702666530394112_1.jpg,1
twigma/images/1582700616534863872_2.jpg,1
twigma/images/1605235874262036480_1.jpg,1
twigma/images/1606311655968632832_3.jpg,1
twigma/images/1584227074180780032_1.jpg,1
twigma/images/1582889077652992002_1.jpg,1
twigma/images/1584247218600828929_2.jpg,1
twigma/images/1600281299482136577_1.jpg,1
twigma/images/1510719473338118144_1.jpg,1
twigma/images/1602249351937626112_1.jpg,1
twigma/images/1575665466991058944_4.jpg,1
twigma/images/1564525669610131456_3.jpg,1
twigma/images/1572547262651437061_1.jpg,1
twigma/images/1582659623508922369_1.jpg,1
twigma/images/1582354505852538880_2.jpg,1
twigma/images/1601400081537994753_1.jpg,1
twigma/images/1567961357894680578_1.jpg,1
twigma/images/1603424868002893831_3.jpg,1
twigma/images/1572055014050525184_1.jpg,1
twigma/images/1600777243717996546_2.jpg,1
twigma/images/1582283086896992256_1.jpg,1
twigma/images/1486718756118142981_1.jpg,1
twigma/images/1582503289026797570_1.jpg,1
twigma/images/1584909276908523525_1.jpg,1
twigma/images/1598926114159673344_1.jpg,1
twigma/images/1456033451115569162_1.jpg,1
twigma/images/1584251760390332417_2.jpg,1
twigma/images/1579921477599887360_1.jpg,1
twigma/images/1607538312465768449_1.jpg,1
twigma/images/1574237131307991041_1.jpg,1
twigma/images/1575588431891030016_1.jpg,1
twigma/images/1585154877981749249_1.jpg,1
twigma/images/1571458611955769345_4.jpg,1
twigma/images/1582294803295137792_1.jpg,1
twigma/images/1583657274886656003_1.jpg,1
twigma/images/1605741172973899776_2.jpg,1
twigma/images/1582834870979788802_1.jpg,1
twigma/images/1466424493455384581_1.jpg,1
twigma/images/1605731219693395970_1.jpg,1
twigma/images/1585684948148551681_1.jpg,1
twigma/images/1524495486270337025_2.jpg,1
twigma/images/1579695554191163395_1.jpg,1
twigma/images/1601614643549548544_1.jpg,1
twigma/images/1529415003526381569_2.jpg,1
twigma/images/1566027430883901440_1.jpg,1
twigma/images/1568606417837522944_2.jpg,1
twigma/images/1606536923006263296_1.jpg,1
twigma/images/1565871375344074752_3.jpg,1
twigma/images/1583355956032729089_2.jpg,1
twigma/images/1607507116310528000_2.jpg,1
twigma/images/1579846531066126336_2.jpg,1
twigma/images/1598235773613920256_1.jpg,1
twigma/images/1582297487049883648_1.jpg,1
twigma/images/1582110986697289729_1.jpg,1
twigma/images/1582299035045548032_1.jpg,1
twigma/images/1467610573206601734_1.jpg,1
twigma/images/1582083982971219968_1.jpg,1
twigma/images/1568837049360478209_1.jpg,1
twigma/images/1585511471806562304_1.jpg,1
twigma/images/1598603968447291393_4.jpg,1
twigma/images/1581907420950892544_1.jpg,1
twigma/images/1457135717176561667_2.jpg,1
twigma/images/1601529668531650560_1.jpg,1
twigma/images/1582331346172538880_1.jpg,1
twigma/images/1584030928661147649_1.jpg,1
twigma/images/1564918170770722818_2.jpg,1
twigma/images/1608212151373643782_1.jpg,1
twigma/images/1566222235882364941_4.jpg,1
twigma/images/1584083395469975553_1.jpg,1
twigma/images/1473083504711843844_1.jpg,1
twigma/images/1570159391453872129_4.jpg,1
twigma/images/1603426251930312705_1.jpg,1
twigma/images/1586628889236889605_1.jpg,1
twigma/images/1579475646660882435_1.jpg,1
twigma/images/1505252511795474432_1.jpg,1
twigma/images/1605584272420573184_1.jpg,1
twigma/images/1556687547203330048_2.jpg,1
twigma/images/1579385610267398145_4.jpg,1
twigma/images/1586234963489341442_1.jpg,1
twigma/images/1586257039831203840_2.jpg,1
twigma/images/1523229216958869506_1.jpg,1
twigma/images/1578731132405047297_3.jpg,1
twigma/images/1584810320437997568_1.jpg,1
twigma/images/1563805298103656449_1.jpg,1
twigma/images/1580303181812158465_2.jpg,1
twigma/images/1563259206433533953_1.jpg,1
twigma/images/1520980908949446656_2.jpg,1
twigma/images/1604033575631847424_1.jpg,1
twigma/images/1522706692869279745_1.jpg,1
twigma/images/1598955983375503363_4.jpg,1
twigma/images/1608329353594798083_4.jpg,1
twigma/images/1599132473593843712_1.jpg,1
twigma/images/1582657165340606464_1.jpg,1
twigma/images/1583522671438204928_1.jpg,1
twigma/images/1566723104117866497_2.jpg,1
twigma/images/1605364877094440960_1.jpg,1
twigma/images/1566979629101076487_1.jpg,1
twigma/images/1567560516633268228_1.jpg,1
twigma/images/1606635580540215296_1.jpg,1
twigma/images/1497203478237782018_1.jpg,1
twigma/images/1586755110914621441_2.jpg,1
twigma/images/1448927486566232065_1.jpg,1
twigma/images/1580878155233243138_1.jpg,1
twigma/images/1583284364300804096_1.jpg,1
twigma/images/1606598050222309376_1.jpg,1
twigma/images/1583903576812052480_1.jpg,1
twigma/images/1585981695240855553_1.jpg,1
twigma/images/1519999367935053826_2.jpg,1
twigma/images/1457134451817783299_4.jpg,1
twigma/images/1582790699975524352_1.jpg,1
twigma/images/1599549665707450368_1.jpg,1
twigma/images/1567286384087683072_3.jpg,1
twigma/images/1603783170192601089_3.jpg,1
twigma/images/1494754266711482375_1.jpg,1
twigma/images/1605225200416595968_2.jpg,1
twigma/images/1584633981554675712_1.jpg,1
twigma/images/1566899759603924992_1.jpg,1
twigma/images/1585176587980640256_1.jpg,1
twigma/images/1559514426000154632_1.jpg,1
twigma/images/1598975716401766400_2.jpg,1
twigma/images/1566528875445850112_1.jpg,1
twigma/images/1572603096898932738_2.jpg,1
twigma/images/1604961908376981506_1.jpg,1
twigma/images/1582740959191654400_1.jpg,1
twigma/images/1584446714748231681_1.jpg,1
twigma/images/1577151556310343682_1.jpg,1
twigma/images/1437721431354363914_1.jpg,1
twigma/images/1571838819502288896_1.jpg,1
twigma/images/1602037917093974018_1.jpg,1
twigma/images/1511618815460888579_1.jpg,1
twigma/images/1585155045762691072_1.jpg,1
twigma/images/1604320453912297473_1.jpg,1
twigma/images/1586038882205851650_1.jpg,1
twigma/images/1586768666938736640_1.jpg,1
twigma/images/1607923596382597120_1.jpg,1
twigma/images/1584485351380242432_1.jpg,1
twigma/images/1608478535517192194_1.jpg,1
twigma/images/1504183604984827906_1.jpg,1
twigma/images/1584789514983473153_1.jpg,1
twigma/images/1607652684945068032_1.jpg,1
twigma/images/1570134134604832770_2.jpg,1
twigma/images/1583324847223889921_1.jpg,1
twigma/images/1580161299257823232_4.jpg,1
twigma/images/1558384308976463873_2.jpg,1
twigma/images/1586629356855738369_1.jpg,1
twigma/images/1526710317530636290_4.jpg,1
twigma/images/1489969688390291458_1.jpg,1
twigma/images/1564704508168400896_2.jpg,1
twigma/images/1604417616717774848_1.jpg,1
twigma/images/1575222153032540160_1.jpg,1
twigma/images/1566473223612649478_1.jpg,1
twigma/images/1607261695084216320_1.jpg,1
twigma/images/1524363319544586240_2.jpg,1
twigma/images/1602845579318468608_1.jpg,1
twigma/images/1599753851506233345_1.jpg,1
twigma/images/1561499001437970435_2.jpg,1
twigma/images/1571862631010664450_2.jpg,1
twigma/images/1480165566988099584_1.jpg,1
twigma/images/1578324313274404864_1.jpg,1
twigma/images/1575051256699424771_3.jpg,1
twigma/images/1586072671758209024_1.jpg,1
twigma/images/1606383415842209792_1.jpg,1
twigma/images/1584222410680651776_1.jpg,1
twigma/images/1579609010680246276_3.jpg,1
twigma/images/1607653617221132288_1.jpg,1
twigma/images/1605714119084019714_1.jpg,1
twigma/images/1563444285542121473_1.jpg,1
twigma/images/1585174688971358208_1.jpg,1
twigma/images/1576590166646345728_1.jpg,1
twigma/images/1577405115811913728_1.jpg,1
twigma/images/1586020856936902656_2.jpg,1
twigma/images/1606095708712423424_1.jpg,1
twigma/images/1601165644149313536_3.jpg,1
twigma/images/1602206000689385472_1.jpg,1
twigma/images/1576871115229519872_1.jpg,1
twigma/images/1583941622827749377_1.jpg,1
twigma/images/1600889324970463232_1.jpg,1
twigma/images/1586364170156486656_2.jpg,1
twigma/images/1585870398100414469_2.jpg,1
twigma/images/1521287840969207809_1.jpg,1
twigma/images/1581267646225735680_1.jpg,1
twigma/images/1602011026815258624_1.jpg,1
twigma/images/1571880254477590529_1.jpg,1
twigma/images/1602671165742489606_3.jpg,1
twigma/images/1586041963064700928_4.jpg,1
twigma/images/1569684222675226625_1.jpg,1
twigma/images/1553048549201412098_2.jpg,1
twigma/images/1579624027706253314_1.jpg,1
twigma/images/1581391859360108544_1.jpg,1
twigma/images/1478853787985092610_1.jpg,1
twigma/images/1575860523069247488_1.jpg,1
twigma/images/1562062130807029762_4.jpg,1
twigma/images/1586655459385253889_1.jpg,1
twigma/images/1480213037042786306_1.jpg,1
twigma/images/1582529249063288833_1.jpg,1
twigma/images/1579748538548092928_1.jpg,1
twigma/images/1582775187795509250_3.jpg,1
twigma/images/1578795154403905544_1.jpg,1
twigma/images/1577284156567875586_1.jpg,1
twigma/images/1600476713439199234_2.jpg,1
twigma/images/1580055182423228416_1.jpg,1
twigma/images/1584311918960918528_1.jpg,1
twigma/images/1521428545540870145_1.jpg,1
twigma/images/1513189583676219394_1.jpg,1
twigma/images/1606142718052376577_3.jpg,1
twigma/images/1605653861074554880_2.jpg,1
twigma/images/1586047752772820992_1.jpg,1
twigma/images/1516567377726558212_1.jpg,1
twigma/images/1602401803009605632_1.jpg,1
twigma/images/1513053351222849536_2.jpg,1
twigma/images/1482600780259487745_1.jpg,1
twigma/images/1562471438501548034_1.jpg,1
twigma/images/1608847128838782976_1.jpg,1
twigma/images/1579536363103604737_1.jpg,1
twigma/images/1572586346975494151_1.jpg,1
twigma/images/1585386122351628288_1.jpg,1
twigma/images/1582370921913933824_1.jpg,1
twigma/images/1580934922352889856_1.jpg,1
twigma/images/1576974386594074631_1.jpg,1
twigma/images/1570863317320896513_3.jpg,1
twigma/images/1484601191753404416_1.jpg,1
twigma/images/1437388297706278917_2.jpg,1
twigma/images/1580609445427806208_1.jpg,1
twigma/images/1557339376975486977_1.jpg,1
twigma/images/1601113002568482816_1.jpg,1
twigma/images/1568477140735373312_2.jpg,1
twigma/images/1585731309472649216_4.jpg,1
twigma/images/1580035322171514880_1.jpg,1
twigma/images/1576940765753663489_2.jpg,1
twigma/images/1585968451524636672_1.jpg,1
twigma/images/1583717941744267264_1.jpg,1
twigma/images/1603968472374865920_1.jpg,1
twigma/images/1602412813670092824_3.jpg,1
twigma/images/1474082318956613634_1.jpg,1
twigma/images/1584767124509437952_1.jpg,1
twigma/images/1600445753847173121_1.jpg,1
twigma/images/1586877260887474176_1.jpg,1
twigma/images/1602438144896380928_1.jpg,1
twigma/images/1600445774265028608_1.jpg,1
twigma/images/1581227250254766080_1.jpg,1
twigma/images/1578696039120265217_1.jpg,1
twigma/images/1584247500298366976_1.jpg,1
twigma/images/1570152722426462208_2.jpg,1
twigma/images/1581402939230670849_1.jpg,1
twigma/images/1579548613998694400_1.jpg,1
twigma/images/1603149754451607557_1.jpg,1
twigma/images/1581050312621637632_4.jpg,1
twigma/images/1578415200448880640_2.jpg,1
twigma/images/1569843214416285700_1.jpg,1
twigma/images/1590301957582749696_1.jpg,1
twigma/images/1585982964822786048_1.jpg,1
twigma/images/1605964626650451969_1.jpg,1
twigma/images/1566458047047802880_3.jpg,1
twigma/images/1604235384002600961_1.jpg,1
twigma/images/1601277796072198144_3.jpg,1
twigma/images/1437083051071348737_1.jpg,1
twigma/images/1586757130191011841_3.jpg,1
twigma/images/1567082543773622273_1.jpg,1
twigma/images/1569835700606083072_2.jpg,1
twigma/images/1571159634114760704_1.jpg,1
twigma/images/1583363551833432064_1.jpg,1
twigma/images/1570156245054816257_1.jpg,1
twigma/images/1574749211727478786_1.jpg,1
twigma/images/1607383265496936448_2.jpg,1
twigma/images/1605506433042317313_1.jpg,1
twigma/images/1513947517678854148_1.jpg,1
twigma/images/1599805226047111168_1.jpg,1
twigma/images/1480213839685865474_2.jpg,1
twigma/images/1597266518798176257_2.jpg,1
twigma/images/1607844278524575744_1.jpg,1
twigma/images/1605131642988908544_1.jpg,1
twigma/images/1436613240461701120_1.jpg,1
twigma/images/1575885227909844999_1.jpg,1
twigma/images/1514607887758241794_3.jpg,1
twigma/images/1580781422297894912_1.jpg,1
twigma/images/1604543196268462080_1.jpg,1
twigma/images/1509291475347070982_1.jpg,1
twigma/images/1605911030999052288_1.jpg,1
twigma/images/1579274657114775553_2.jpg,1
twigma/images/1583070114907201536_2.jpg,1
twigma/images/1563370783111401472_1.jpg,1
twigma/images/1403027596271554560_1.jpg,1
twigma/images/1490640832776617986_1.jpg,1
twigma/images/1575993194046554112_1.jpg,1
twigma/images/1580234942268989441_1.jpg,1
twigma/images/1602831742703792128_1.jpg,1
twigma/images/1603333096639807490_1.jpg,1
twigma/images/1472529856025927682_1.jpg,1
twigma/images/1566520522892091393_2.jpg,1
twigma/images/1606606089658720263_1.jpg,1
twigma/images/1585475441049174017_1.jpg,1
twigma/images/1518618797972017153_1.jpg,1
twigma/images/1505607555934044161_1.jpg,1
twigma/images/1489427858724372486_1.jpg,1
twigma/images/1567270923023048706_1.jpg,1
twigma/images/1585635796161159168_1.jpg,1
twigma/images/1604908015244959744_1.jpg,1
twigma/images/1574709694983294976_1.jpg,1
twigma/images/1603256430877884416_1.jpg,1
twigma/images/1574159571169542144_1.jpg,1
twigma/images/1579744323649695745_1.jpg,1
twigma/images/1571344571421888512_4.jpg,1
twigma/images/1571951414649184257_1.jpg,1
twigma/images/1559773778162249728_1.jpg,1
twigma/images/1582658890629808129_1.jpg,1
twigma/images/1608675655625113602_1.jpg,1
twigma/images/1602401578929254400_1.jpg,1
twigma/images/1563259368472162304_3.jpg,1
twigma/images/1606310418158329856_1.jpg,1
twigma/images/1581911413483675649_1.jpg,1
twigma/images/1605653861074554880_3.jpg,1
twigma/images/1583643928678772737_1.jpg,1
twigma/images/1606010188225355776_1.jpg,1
twigma/images/1601612551531696130_1.jpg,1
twigma/images/1584641880775606276_1.jpg,1
twigma/images/1606878001572216833_1.jpg,1
twigma/images/1601207231223332864_1.jpg,1
twigma/images/1570165318126796802_1.jpg,1
twigma/images/1580911802338066432_1.jpg,1
twigma/images/1575118591707385857_1.jpg,1
twigma/images/1601515925836120064_1.jpg,1
twigma/images/1606716014774870016_1.jpg,1
twigma/images/1561411860947148800_4.jpg,1
twigma/images/1576962895568461824_1.jpg,1
twigma/images/1585990560371785729_1.jpg,1
twigma/images/1559983959039037440_2.jpg,1
twigma/images/1575022118454300672_1.jpg,1
twigma/images/1582179531237969920_1.jpg,1
twigma/images/1583013731113791489_1.jpg,1
twigma/images/1527882240721559553_1.jpg,1
twigma/images/1577307628384002050_2.jpg,1
twigma/images/1603996761793888256_4.jpg,1
twigma/images/1576036951387680775_2.jpg,1
twigma/images/1603966968599650305_1.jpg,1
twigma/images/1562092204197396480_4.jpg,1
twigma/images/1582299843040403456_1.jpg,1
twigma/images/1575037198281285633_1.jpg,1
twigma/images/1586762610057379840_2.jpg,1
twigma/images/1582934510408122368_1.jpg,1
twigma/images/1583838210039259136_1.jpg,1
twigma/images/1599130681417736192_3.jpg,1
twigma/images/1590724868257222657_1.jpg,1
twigma/images/1573750021018771456_3.jpg,1
twigma/images/1602045294434308096_1.jpg,1
twigma/images/1586808583928385539_1.jpg,1
twigma/images/1525196273460051969_1.jpg,1
twigma/images/1528890187995967488_1.jpg,1
twigma/images/1584243652255420416_3.jpg,1
twigma/images/1602806069100675078_1.jpg,1
twigma/images/1569802984556724224_1.jpg,1
twigma/images/1600958142791049217_1.jpg,1
twigma/images/1586906495962202113_3.jpg,1
twigma/images/1573196763955339264_1.jpg,1
twigma/images/1601289122756591616_1.jpg,1
twigma/images/1508179233960386561_1.jpg,1
twigma/images/1579755281588064256_1.jpg,1
twigma/images/1604173543746453505_1.jpg,1
twigma/images/1580971882081243136_1.jpg,1
twigma/images/1580860909525733377_1.jpg,1
twigma/images/1586597479625138176_2.jpg,1
twigma/images/1479189106894598149_1.jpg,1
twigma/images/1585446556710445056_2.jpg,1
twigma/images/1585175656773521408_1.jpg,1
twigma/images/1562268191799365632_2.jpg,1
twigma/images/1557087204341694468_1.jpg,1
twigma/images/1482157532898545666_1.jpg,1
twigma/images/1602961711971057664_1.jpg,1
twigma/images/1605289899896328223_1.jpg,1
twigma/images/1606166403639377921_1.jpg,1
twigma/images/1556407517701439488_1.jpg,1
twigma/images/1606850044598321153_1.jpg,1
twigma/images/1580244405050482693_2.jpg,1
twigma/images/1560055964258246658_1.jpg,1
twigma/images/1466676790420590596_2.jpg,1
twigma/images/1582638354083983360_4.jpg,1
twigma/images/1578908816133206016_1.jpg,1
twigma/images/1444469581158903809_1.jpg,1
twigma/images/1608155161867833344_1.jpg,1
twigma/images/1562709292477689857_1.jpg,1
twigma/images/1599581768394285056_1.jpg,1
twigma/images/1569686201203924993_1.jpg,1
twigma/images/1601849084578512897_1.jpg,1
twigma/images/1578447719416594432_1.jpg,1
twigma/images/1603980560329744386_1.jpg,1
twigma/images/1439327643078438913_3.jpg,1
twigma/images/1600818624436264960_1.jpg,1
twigma/images/1583184801774727169_4.jpg,1
twigma/images/1582449570575167489_1.jpg,1
twigma/images/1583070077775060993_3.jpg,1
twigma/images/1583268504295202816_2.jpg,1
twigma/images/1585910939362201601_1.jpg,1
twigma/images/1585176841136050176_1.jpg,1
twigma/images/1584843188447100928_1.jpg,1
twigma/images/1584449847218016256_1.jpg,1
twigma/images/1600505453238259715_1.jpg,1
twigma/images/1561879630448979968_1.jpg,1
twigma/images/1607472439092547584_1.jpg,1
twigma/images/1583069934870896641_1.jpg,1
twigma/images/1583736211931217920_1.jpg,1
twigma/images/1602266662610546689_1.jpg,1
twigma/images/1434707626143596547_1.jpg,1
twigma/images/1566424420427902977_1.jpg,1
twigma/images/1600224138781937664_1.jpg,1
twigma/images/1579699278154727425_2.jpg,1
twigma/images/1602343420823015424_1.jpg,1
twigma/images/1496620005001023488_4.jpg,1
twigma/images/1595445093183684608_1.jpg,1
twigma/images/1572226682982891520_1.jpg,1
twigma/images/1599748083218149378_1.jpg,1
twigma/images/1603158834591444992_3.jpg,1
twigma/images/1574778624187711488_1.jpg,1
twigma/images/1565788684670083074_2.jpg,1
twigma/images/1586707474937151489_1.jpg,1
twigma/images/1602331962219307015_2.jpg,1
twigma/images/1564765959168163840_1.jpg,1
twigma/images/1564979357306830849_2.jpg,1
twigma/images/1600908018484486144_1.jpg,1
twigma/images/1604238975740383232_1.jpg,1
twigma/images/1585527426796363776_1.jpg,1
twigma/images/1556249465090150401_4.jpg,1
twigma/images/1562359493085630466_1.jpg,1
twigma/images/1578750340249571328_1.jpg,1
twigma/images/1574235535102590976_2.jpg,1
twigma/images/1579232646189617153_1.jpg,1
twigma/images/1608066511016525825_1.jpg,1
twigma/images/1563868606202527746_1.jpg,1
twigma/images/1560401292089892864_2.jpg,1
twigma/images/1567727488037437443_2.jpg,1
twigma/images/1599790884031066113_1.jpg,1
twigma/images/1567079377216610304_1.jpg,1
twigma/images/1579125607094706176_1.jpg,1
twigma/images/1565722536901545986_1.jpg,1
twigma/images/1604148162779910144_1.jpg,1
twigma/images/1601553567462064128_1.jpg,1
twigma/images/1520483700814790658_1.jpg,1
twigma/images/1586111983321231360_1.jpg,1
twigma/images/1562150149333258240_1.jpg,1
twigma/images/1578853330545127424_1.jpg,1
twigma/images/1568323243282513928_1.jpg,1
twigma/images/1574907358635065345_1.jpg,1
twigma/images/1527555622694182912_1.jpg,1
twigma/images/1608118177094828034_1.jpg,1
twigma/images/1497229439888941059_3.jpg,1
twigma/images/1566735076179714048_1.jpg,1
twigma/images/1570134732243075074_3.jpg,1
twigma/images/1604992299049836545_1.jpg,1
twigma/images/1585635660827762688_1.jpg,1
twigma/images/1586759849378979843_2.jpg,1
twigma/images/1580674047968694274_1.jpg,1
twigma/images/1573330463258775552_3.jpg,1
twigma/images/1559618189461692416_1.jpg,1
twigma/images/1587055772567044097_1.jpg,1
twigma/images/1568510052495151104_1.jpg,1
twigma/images/1586356484585185282_1.jpg,1
twigma/images/1604573174011924480_1.jpg,1
twigma/images/1581302385216958464_2.jpg,1
twigma/images/1599474913554874368_1.jpg,1
twigma/images/1582037476067024897_1.jpg,1
twigma/images/1584985975226511360_1.jpg,1
twigma/images/1600561562783129600_1.jpg,1
twigma/images/1598346186288775169_1.jpg,1
twigma/images/1604833310387093507_1.jpg,1
twigma/images/1593780649638481920_1.jpg,1
twigma/images/1581375977372135426_2.jpg,1
twigma/images/1572271620206768130_1.jpg,1
twigma/images/1604070903536566273_1.jpg,1
twigma/images/1572827965465198592_1.jpg,1
twigma/images/1562617830541246464_1.jpg,1
twigma/images/1583504489654685697_1.jpg,1
twigma/images/1608519011981209600_1.jpg,1
twigma/images/1608904885147435008_1.jpg,1
twigma/images/1606314960417480704_1.jpg,1
twigma/images/1530920520312569856_1.jpg,1
twigma/images/1574394041071915008_2.jpg,1
twigma/images/1605723878822658048_1.jpg,1
twigma/images/1496585804541353984_3.jpg,1
twigma/images/1601648589502967808_1.jpg,1
twigma/images/1484758772082003968_1.jpg,1
twigma/images/1591920774046224386_1.jpg,1
twigma/images/1582718287909367809_1.jpg,1
twigma/images/1599578835615469569_1.jpg,1
twigma/images/1599550642380746752_1.jpg,1
twigma/images/1602724903433736193_1.jpg,1
twigma/images/1599836176277377025_2.jpg,1
twigma/images/1569389002796707840_1.jpg,1
twigma/images/1606685605588774912_3.jpg,1
twigma/images/1599635711287734273_3.jpg,1
twigma/images/1556656768045965314_1.jpg,1
twigma/images/1467841438876680207_3.jpg,1
twigma/images/1603497399154008091_1.jpg,1
twigma/images/1563138198338842624_1.jpg,1
twigma/images/1603739202432401408_3.jpg,1
twigma/images/1606453148301889536_2.jpg,1
twigma/images/1564435156802355201_1.jpg,1
twigma/images/1530630486086889473_1.jpg,1
twigma/images/1585371769799643147_1.jpg,1
twigma/images/1568696626818215936_1.jpg,1
twigma/images/1598933545128316928_2.jpg,1
twigma/images/1583067437192613889_1.jpg,1
twigma/images/1495715673846210561_1.jpg,1
twigma/images/1581758982699380736_3.jpg,1
twigma/images/1580177596717101056_1.jpg,1
twigma/images/1556055269599313921_4.jpg,1
twigma/images/1603785304846073859_1.jpg,1
twigma/images/1585011280439435264_1.jpg,1
twigma/images/1581340668122714112_1.jpg,1
twigma/images/1600950768021839873_1.jpg,1
twigma/images/1585653854376534016_1.jpg,1
twigma/images/1602917490056577024_1.jpg,1
twigma/images/1577997717967900672_1.jpg,1
twigma/images/1591541857409957894_1.jpg,1
twigma/images/1570408051915755520_2.jpg,1
twigma/images/1603400842702266369_1.jpg,1
twigma/images/1605101788301914112_1.jpg,1
twigma/images/1603425127923859456_1.jpg,1
twigma/images/1556655644798844928_1.jpg,1
twigma/images/1602102667408465922_1.jpg,1
twigma/images/1584666549008359424_3.jpg,1
twigma/images/1584445975954743297_1.jpg,1
twigma/images/1577096453859987457_1.jpg,1
twigma/images/1583411075688505345_1.jpg,1
twigma/images/1583070136918937600_1.jpg,1
twigma/images/1605866598069256193_1.jpg,1
twigma/images/1569382802822504448_1.jpg,1
twigma/images/1570874752813920257_1.jpg,1
twigma/images/1583640775400620033_1.jpg,1
twigma/images/1573960380334112768_1.jpg,1
twigma/images/1575378304412033029_1.jpg,1
twigma/images/1579166863744851969_1.jpg,1
twigma/images/1578360821184225282_1.jpg,1
twigma/images/1578789088869900288_1.jpg,1
twigma/images/1597133256503095297_1.jpg,1
twigma/images/1585535503561916416_4.jpg,1
twigma/images/1580267695185936384_1.jpg,1
twigma/images/1569819013085282309_1.jpg,1
twigma/images/1605422783277711361_2.jpg,1
twigma/images/1573108338233163777_3.jpg,1
twigma/images/1582458941812150272_3.jpg,1
twigma/images/1606930798392770563_1.jpg,1
twigma/images/1604232096083427328_1.jpg,1
twigma/images/1586006539135066112_1.jpg,1
twigma/images/1584331295924289537_2.jpg,1
twigma/images/1604514689182011392_1.jpg,1
twigma/images/1587122027793612805_1.png,1
twigma/images/1607467561939238913_1.jpg,1
twigma/images/1563917118776778753_1.jpg,1
twigma/images/1607864554477731840_3.jpg,1
twigma/images/1607833638967582722_1.jpg,1
twigma/images/1602725040948056065_1.jpg,1
twigma/images/1600686425170550785_1.jpg,1
twigma/images/1526844352055627776_2.jpg,1
twigma/images/1581948135231950851_1.jpg,1
twigma/images/1587183756984684547_1.jpg,1
twigma/images/1608524697221861377_2.jpg,1
twigma/images/1577723676786573312_1.jpg,1
twigma/images/1603775715459096578_1.jpg,1
twigma/images/1572995927081631751_1.jpg,1
twigma/images/1573245941112766464_1.jpg,1
twigma/images/1562395992497934336_1.jpg,1
twigma/images/1583004259016052737_1.jpg,1
twigma/images/1566041407416156162_1.jpg,1
twigma/images/1578360821184225282_4.jpg,1
twigma/images/1603972899752255488_1.jpg,1
twigma/images/1574105123042697217_1.jpg,1
twigma/images/1572544314194153473_1.jpg,1
twigma/images/1527570012436942849_1.jpg,1
twigma/images/1565722536901545986_3.jpg,1
twigma/images/1603452327557406720_1.jpg,1
twigma/images/1583791915480207360_1.jpg,1
twigma/images/1599005858679369728_1.jpg,1
twigma/images/1508897207902248976_1.jpg,1
twigma/images/1563160950953234432_1.jpg,1
twigma/images/1580768372312064001_1.jpg,1
twigma/images/1600215599916802050_3.jpg,1
twigma/images/1576711287869874176_2.jpg,1
twigma/images/1508765997821480960_3.jpg,1
twigma/images/1475099272471326724_3.jpg,1
twigma/images/1570886613139615746_3.jpg,1
twigma/images/1607364982429343745_4.jpg,1
twigma/images/1583070067507441665_2.jpg,1
twigma/images/1599443062081564673_1.jpg,1
twigma/images/1510594615455498246_3.jpg,1
twigma/images/1605617417203331073_1.jpg,1
twigma/images/1601207423381147650_1.jpg,1
twigma/images/1550852150560948225_2.jpg,1
twigma/images/1511851781038477316_1.jpg,1
twigma/images/1580033543878500352_1.jpg,1
twigma/images/1605563859254669315_1.jpg,1
twigma/images/1587100129831559171_2.jpg,1
twigma/images/1574538227049893889_3.jpg,1
twigma/images/1560914133423230976_1.jpg,1
twigma/images/1602209262448660482_1.jpg,1
twigma/images/1578482382474162177_2.jpg,1
twigma/images/1585043181049360384_1.jpg,1
twigma/images/1587217874359287809_1.jpg,1
twigma/images/1602092882088828930_4.jpg,1
twigma/images/1573733550360334336_3.jpg,1
twigma/images/1567986500738101248_3.jpg,1
twigma/images/1603058206963638273_1.jpg,1
twigma/images/1576501622682705920_1.jpg,1
twigma/images/1583448339974004737_1.jpg,1
twigma/images/1528619451314278400_1.jpg,1
twigma/images/1606580371260219392_1.jpg,1
twigma/images/1570785595026444291_1.jpg,1
twigma/images/1584322589325168640_2.jpg,1
twigma/images/1583414111307968513_4.jpg,1
twigma/images/1604135192666333184_1.jpg,1
twigma/images/1585173412997001216_1.jpg,1
twigma/images/1577724896825819137_1.jpg,1
twigma/images/1602570921901973505_1.jpg,1
twigma/images/1573330463258775552_1.jpg,1
twigma/images/1601303419641266176_1.jpg,1
twigma/images/1607812695763337220_1.jpg,1
twigma/images/1598018759473922049_1.jpg,1
twigma/images/1505648683462938632_1.jpg,1
twigma/images/1608523954955898880_1.jpg,1
twigma/images/1582734409283039234_1.jpg,1
twigma/images/1505724640848715778_1.jpg,1
twigma/images/1573464891498717184_1.jpg,1
twigma/images/1582808492041068544_2.jpg,1
twigma/images/1567073366896410625_1.jpg,1
twigma/images/1474694112129560576_1.jpg,1
twigma/images/1576049568399392769_1.jpg,1
twigma/images/1586273765109157888_1.jpg,1
twigma/images/1562871586600140801_3.jpg,1
twigma/images/1601018071837470721_1.jpg,1
twigma/images/1585584688306978816_1.jpg,1
twigma/images/1585644887222865922_1.jpg,1
twigma/images/1581707957296713728_1.jpg,1
twigma/images/1598962038440878080_1.jpg,1
twigma/images/1607270579576655873_2.jpg,1
twigma/images/1603332098525257729_1.jpg,1
twigma/images/1603576374442299396_1.jpg,1
twigma/images/1574625143640719361_4.jpg,1
twigma/images/1566184271496232960_1.jpg,1
twigma/images/1578091830955999232_1.jpg,1
twigma/images/1595203290148528131_1.jpg,1
twigma/images/1564434428272705540_1.jpg,1
twigma/images/1485316797477830662_1.jpg,1
twigma/images/1588849042960027649_1.jpg,1
twigma/images/1564632103794266117_2.jpg,1
twigma/images/1586658967689756672_1.jpg,1
twigma/images/1569514659488878592_1.jpg,1
twigma/images/1565756398587215872_1.jpg,1
twigma/images/1586048380475944961_2.jpg,1
twigma/images/1557050277886312448_1.jpg,1
twigma/images/1573096883991494656_1.jpg,1
twigma/images/1602375078355804168_1.jpg,1
twigma/images/1512089145547517957_3.jpg,1
twigma/images/1601903681909280768_1.jpg,1
twigma/images/1579529208384352257_1.jpg,1
twigma/images/1584999815636611073_1.jpg,1
twigma/images/1585709874805354498_1.jpg,1
twigma/images/1608499533238910984_3.jpg,1
twigma/images/1571726271775645699_1.jpg,1
twigma/images/1582694297748512769_1.jpg,1
twigma/images/1606652158258315264_2.jpg,1
twigma/images/1593953615630438407_1.jpg,1
twigma/images/1579327950625083393_1.jpg,1
twigma/images/1587056116810276866_2.jpg,1
twigma/images/1569141970760790016_3.jpg,1
twigma/images/1584105865799311360_1.jpg,1
twigma/images/1562108695013519361_2.jpg,1
twigma/images/1580905022128197634_4.jpg,1
twigma/images/1569008086261841922_1.jpg,1
twigma/images/1604468153366740995_3.jpg,1
twigma/images/1578844072923779072_2.jpg,1
twigma/images/1571199537187782656_1.jpg,1
twigma/images/1557267413095354368_2.jpg,1
twigma/images/1568411633000513538_1.jpg,1
twigma/images/1587524895193415688_1.jpg,1
twigma/images/1604230617423552512_1.jpg,1
twigma/images/1586786136030060550_2.jpg,1
twigma/images/1574497939581550595_1.jpg,1
twigma/images/1566458047047802880_2.jpg,1
twigma/images/1491358768877436932_1.jpg,1
twigma/images/1604405022422351872_1.jpg,1
twigma/images/1603842614817542144_2.jpg,1
twigma/images/1470082086488915978_4.jpg,1
twigma/images/1486746393935061001_1.jpg,1
twigma/images/1606183744330559488_1.jpg,1
twigma/images/1608437141733871616_2.jpg,1
twigma/images/1581156152959979521_1.jpg,1
twigma/images/1512150497679061009_1.jpg,1
twigma/images/1582653223277850624_4.jpg,1
twigma/images/1565843420177768448_1.jpg,1
twigma/images/1579678257561358336_1.jpg,1
twigma/images/1601622775130644486_1.jpg,1
twigma/images/1574934692352008192_1.jpg,1
twigma/images/1572553635296575488_1.jpg,1
twigma/images/1582771299281010692_2.jpg,1
twigma/images/1601526903780696065_1.jpg,1
twigma/images/1566536509527924738_1.jpg,1
twigma/images/1583070087711367168_2.jpg,1
twigma/images/1607057893039161347_2.jpg,1
twigma/images/1585639937583742979_1.jpg,1
twigma/images/1572587149517783047_4.jpg,1
twigma/images/1556384915477995520_1.jpg,1
twigma/images/1601267309246832640_1.jpg,1
twigma/images/1567356703355592704_1.jpg,1
twigma/images/1601649218640568320_3.jpg,1
twigma/images/1576641068220588032_1.jpg,1
twigma/images/1601022640290168833_1.jpg,1
twigma/images/1565322933924495361_1.jpg,1
twigma/images/1570763833681285121_1.jpg,1
twigma/images/1602085823167582209_3.jpg,1
twigma/images/1510631841157554178_2.jpg,1
twigma/images/1581269325427527681_1.jpg,1
twigma/images/1580051288775008256_1.jpg,1
twigma/images/1486446131588575242_4.jpg,1
twigma/images/1452115706749677574_4.jpg,1
twigma/images/1580482558672113665_1.jpg,1
twigma/images/1567782346908106752_1.jpg,1
twigma/images/1602820225971683328_1.jpg,1
twigma/images/1470971799664046086_1.jpg,1
twigma/images/1600166559711842309_1.jpg,1
twigma/images/1569306526010982406_4.jpg,1
twigma/images/1578657698194808832_1.jpg,1
twigma/images/1576289639840698368_1.jpg,1
twigma/images/1577632574226288652_2.jpg,1
twigma/images/1575665063188320256_1.jpg,1
twigma/images/1574735098511249413_1.jpg,1
twigma/images/1584649020777336833_1.jpg,1
twigma/images/1575709257697153024_1.jpg,1
twigma/images/1583214058454454273_1.jpg,1
twigma/images/1585992064340205572_1.jpg,1
twigma/images/1587189288738979841_1.jpg,1
twigma/images/1585011965143154688_1.jpg,1
twigma/images/1557541943734837248_1.jpg,1
twigma/images/1579154950487408641_1.jpg,1
twigma/images/1556361009731878917_1.jpg,1
twigma/images/1603080406835789827_1.jpg,1
twigma/images/1571544511859376129_1.jpg,1
twigma/images/1574681832632860673_2.jpg,1
twigma/images/1606060604468482059_1.jpg,1
twigma/images/1604397525917732865_1.jpg,1
twigma/images/1605925576770043904_1.jpg,1
twigma/images/1520104811441491968_1.jpg,1
twigma/images/1494238647540928512_1.jpg,1
twigma/images/1560524662660022272_3.jpg,1
twigma/images/1581530864949035008_2.jpg,1
twigma/images/1601924279238791168_2.jpg,1
twigma/images/1580432332980629511_1.jpg,1
twigma/images/1581977305986961408_2.jpg,1
twigma/images/1546422315243765762_4.jpg,1
twigma/images/1559022294621687808_1.jpg,1
twigma/images/1582624586298183680_1.jpg,1
twigma/images/1569337474308251650_1.jpg,1
twigma/images/1572654501643026432_1.jpg,1
twigma/images/1582666163812990977_1.jpg,1
twigma/images/1525955882000990210_1.jpg,1
twigma/images/1579348521027002368_1.jpg,1
twigma/images/1454763068139835393_2.jpg,1
twigma/images/1583844044655902720_4.jpg,1
twigma/images/1580233369685995523_3.jpg,1
twigma/images/1584649117590237184_1.jpg,1
twigma/images/1493075741956788226_4.jpg,1
twigma/images/1580286577363718144_1.jpg,1
twigma/images/1513620920056823821_2.jpg,1
twigma/images/1583403040651894784_1.jpg,1
twigma/images/1605571762111926272_1.jpg,1
twigma/images/1599378701388754944_1.jpg,1
twigma/images/1496356877793439749_1.jpg,1
twigma/images/1582052043858259968_1.jpg,1
twigma/images/1605741886769176576_1.jpg,1
twigma/images/1440709185260318724_2.jpg,1
twigma/images/1477800255433449473_1.jpg,1
twigma/images/1441357810898509826_1.jpg,1
twigma/images/1581899367400628225_1.jpg,1
twigma/images/1472052558969643010_4.jpg,1
twigma/images/1585726670077833216_3.jpg,1
twigma/images/1585062691772960768_1.jpg,1
twigma/images/1604996887748444160_4.jpg,1
twigma/images/1556411301081059328_1.jpg,1
twigma/images/1582643240326438912_1.jpg,1
twigma/images/1563291683030069250_1.jpg,1
twigma/images/1606934442089795585_1.jpg,1
twigma/images/1596820570238496768_1.jpg,1
twigma/images/1600732089615151105_1.jpg,1
twigma/images/1579147387913658368_1.jpg,1
twigma/images/1600956218121408513_1.jpg,1
twigma/images/1580199067199512576_1.jpg,1
twigma/images/1580969375573901319_4.jpg,1
twigma/images/1559670900982747137_1.jpg,1
twigma/images/1585413800131694592_1.jpg,1
twigma/images/1567965755949617153_1.jpg,1
twigma/images/1581435280581459969_1.jpg,1
twigma/images/1570760315146764289_2.jpg,1
twigma/images/1463127359347961867_1.jpg,1
twigma/images/1601615048815702017_1.jpg,1
twigma/images/1584867645756956672_1.jpg,1
twigma/images/1438754238251868160_1.jpg,1
twigma/images/1465014890112991234_1.jpg,1
twigma/images/1599551338890698753_1.jpg,1
twigma/images/1583456360100171776_1.jpg,1
twigma/images/1572677667891068928_3.jpg,1
twigma/images/1580975316012437504_2.jpg,1
twigma/images/1579670005649920000_1.jpg,1
twigma/images/1465323158093901826_1.jpg,1
twigma/images/1583751882279116800_1.jpg,1
twigma/images/1606691312572342272_1.jpg,1
twigma/images/1568423848529256450_1.jpg,1
twigma/images/1565221248778416128_1.jpg,1
twigma/images/1567625434073899008_1.jpg,1
twigma/images/1603818020467802112_1.jpg,1
twigma/images/1564595011316076546_1.jpg,1
twigma/images/1578581326562988032_1.jpg,1
twigma/images/1578989993821106177_1.jpg,1
twigma/images/1581300916468453383_3.jpg,1
twigma/images/1570374494266564608_1.jpg,1
twigma/images/1604235416743587840_1.jpg,1
twigma/images/1582315804259135488_3.jpg,1
twigma/images/1601612224312639488_1.jpg,1
twigma/images/1602321095041945600_2.jpg,1
twigma/images/1566898862933135361_1.jpg,1
twigma/images/1560245002457972738_1.jpg,1
twigma/images/1584571172855119873_3.jpg,1
twigma/images/1606602066394234882_1.jpg,1
twigma/images/1584647929478148098_1.jpg,1
twigma/images/1574209319008100358_1.jpg,1
twigma/images/1604240322229198848_1.jpg,1
twigma/images/1606267504011014144_1.jpg,1
twigma/images/1601830939419889665_2.jpg,1
twigma/images/1582039532224270337_1.jpg,1
twigma/images/1608518398878846976_1.jpg,1
twigma/images/1569073811064033280_1.jpg,1
twigma/images/1585368690219884544_1.jpg,1
twigma/images/1581515957620461568_1.jpg,1
twigma/images/1582644623784017921_1.jpg,1
twigma/images/1582447649411989504_1.jpg,1
twigma/images/1608938833667854336_2.jpg,1
twigma/images/1584990152270774284_1.jpg,1
twigma/images/1563921293451612162_1.jpg,1
twigma/images/1563648119082033152_1.jpg,1
twigma/images/1574397976134680582_1.jpg,1
twigma/images/1582380827941355522_1.jpg,1
twigma/images/1565781504273223680_4.jpg,1
twigma/images/1580785065164165120_1.jpg,1
twigma/images/1598838506683396096_1.jpg,1
twigma/images/1585832128688062464_1.jpg,1
twigma/images/1581294229980327936_1.jpg,1
twigma/images/1574485265535668224_1.jpg,1
twigma/images/1606025486886268928_1.jpg,1
twigma/images/1585358682547945506_1.jpg,1
twigma/images/1608196249492258817_2.jpg,1
twigma/images/1575326321663672323_1.jpg,1
twigma/images/1569989457595580417_1.jpg,1
twigma/images/1572563807666581506_4.jpg,1
twigma/images/1574602560241307648_1.jpg,1
twigma/images/1513841958350987269_3.jpg,1
twigma/images/1601577095926206466_1.jpg,1
twigma/images/1566654172669558784_1.jpg,1
twigma/images/1586131485039677440_1.jpg,1
twigma/images/1607611057174097920_2.jpg,1
twigma/images/1435146520878276610_1.jpg,1
twigma/images/1599489673638072322_3.jpg,1
twigma/images/1599465343378165760_1.jpg,1
twigma/images/1582110978467975170_1.jpg,1
twigma/images/1577827074093600768_2.jpg,1
twigma/images/1579631577146937345_1.jpg,1
twigma/images/1530825566026207233_1.jpg,1
twigma/images/1606217984657133568_1.jpg,1
twigma/images/1603811386831667200_1.jpg,1
twigma/images/1574181143053848576_1.jpg,1
twigma/images/1595698409243131906_1.jpg,1
twigma/images/1591294822035357697_1.jpg,1
twigma/images/1608714743736586240_2.jpg,1
twigma/images/1581269040567181312_1.jpg,1
twigma/images/1566222235882364941_3.jpg,1
twigma/images/1586459322245996544_2.jpg,1
twigma/images/1583472208889802752_1.jpg,1
twigma/images/1602834445345599488_1.jpg,1
twigma/images/1565843588478558208_2.jpg,1
twigma/images/1575888422006308864_1.jpg,1
twigma/images/1602352014855634945_1.jpg,1
twigma/images/1472583777691914248_1.jpg,1
twigma/images/1603105173362155522_1.jpg,1
twigma/images/1557935199291310082_1.jpg,1
twigma/images/1567981672934813703_3.jpg,1
twigma/images/1556812276618911744_2.jpg,1
twigma/images/1602256608289067008_1.jpg,1
twigma/images/1508155572847366147_1.jpg,1
twigma/images/1604246861027500032_1.jpg,1
twigma/images/1607304994994421769_1.jpg,1
twigma/images/1578066307714633731_1.jpg,1
twigma/images/1602752660830097408_1.jpg,1
twigma/images/1563630510487789569_1.jpg,1
twigma/images/1576486533682503681_3.jpg,1
twigma/images/1586594208705658885_1.jpg,1
twigma/images/1556687207364235264_1.jpg,1
twigma/images/1608359905928577026_1.jpg,1
twigma/images/1495913255944003594_1.jpg,1
twigma/images/1514607476569636871_2.jpg,1
twigma/images/1495044587294973952_1.jpg,1
twigma/images/1604504140344070145_3.jpg,1
twigma/images/1503759142288302084_1.jpg,1
twigma/images/1582229068791296000_1.jpg,1
twigma/images/1556889090632597504_2.jpg,1
twigma/images/1560239270534606849_2.jpg,1
twigma/images/1606385868050399232_1.jpg,1
twigma/images/1600907703144140800_1.jpg,1
twigma/images/1607302161024548865_1.jpg,1
twigma/images/1585289101108027392_2.jpg,1
twigma/images/1595444833883226112_1.jpg,1
twigma/images/1580096267631280129_1.jpg,1
twigma/images/1579608867025334272_1.jpg,1
twigma/images/1582082667797164032_1.jpg,1
twigma/images/1586352523027263489_1.jpg,1
twigma/images/1605809228891193344_1.jpg,1
twigma/images/1568147249099841542_4.jpg,1
twigma/images/1582799633436545026_1.jpg,1
twigma/images/1607567439784718336_1.jpg,1
twigma/images/1581391889991110656_1.jpg,1
twigma/images/1605973074930569218_3.jpg,1
twigma/images/1568689200345792514_4.jpg,1
twigma/images/1518968331000324097_1.jpg,1
twigma/images/1572493552684535808_1.jpg,1
twigma/images/1600008212228587520_3.jpg,1
twigma/images/1567981857526157314_1.jpg,1
twigma/images/1602108990770401280_1.jpg,1
twigma/images/1574361670776160256_1.jpg,1
twigma/images/1487550010522693636_1.jpg,1
twigma/images/1599103537556131840_1.jpg,1
twigma/images/1565821467480186880_1.jpg,1
twigma/images/1581763614788136961_1.jpg,1
twigma/images/1580616733710090240_1.jpg,1
twigma/images/1582354555592855554_1.jpg,1
twigma/images/1598872494722908160_1.jpg,1
twigma/images/1563275637179109381_1.jpg,1
twigma/images/1578019475542011906_1.jpg,1
twigma/images/1578336926767099904_1.jpg,1
twigma/images/1583562573969907712_1.jpg,1
twigma/images/1603366909327671297_1.jpg,1
twigma/images/1564250001080930306_1.jpg,1
twigma/images/1576305331424010240_1.jpg,1
twigma/images/1606455307844128768_2.jpg,1
twigma/images/1504803059343495174_1.jpg,1
twigma/images/1586255318610284544_1.jpg,1
twigma/images/1567219596259692546_1.jpg,1
twigma/images/1569242007352262657_1.jpg,1
twigma/images/1583590344779657222_1.jpg,1
twigma/images/1608267066255052801_1.jpg,1
twigma/images/1584544321961095168_3.jpg,1
twigma/images/1577103815383207937_1.jpg,1
twigma/images/1581931877413228544_1.jpg,1
twigma/images/1576338562395426817_1.jpg,1
twigma/images/1605690726205071363_1.jpg,1
twigma/images/1607741416805142529_1.jpg,1
twigma/images/1507060649226031114_1.jpg,1
twigma/images/1601515957817692160_1.jpg,1
twigma/images/1566591122067128320_3.jpg,1
twigma/images/1577718038530490369_2.jpg,1
twigma/images/1577044484491481088_1.jpg,1
twigma/images/1567524468024836097_2.jpg,1
twigma/images/1504152417155358727_2.jpg,1
twigma/images/1575203957294743557_1.jpg,1
twigma/images/1583740981106872320_1.jpg,1
twigma/images/1579085949803315201_3.jpg,1
twigma/images/1603815094273511424_1.jpg,1
twigma/images/1603702325469667335_1.jpg,1
twigma/images/1569739675241168898_1.jpg,1
twigma/images/1581926654905286657_1.jpg,1
twigma/images/1476083234131877888_1.jpg,1
twigma/images/1584676413227298816_4.jpg,1
twigma/images/1495483528045281282_3.jpg,1
twigma/images/1584705827688296449_1.jpg,1
twigma/images/1496611328240328713_1.jpg,1
twigma/images/1465821616072441856_1.jpg,1
twigma/images/1574148688351477761_2.jpg,1
twigma/images/1583641182311415808_1.jpg,1
twigma/images/1582810428014370816_1.jpg,1
twigma/images/1580826813927895040_1.jpg,1
twigma/images/1567620256901783552_1.jpg,1
twigma/images/1580844737476825088_1.jpg,1
twigma/images/1600438885066182656_1.jpg,1
twigma/images/1581048042383253505_1.jpg,1
twigma/images/1564964243803459584_2.jpg,1
twigma/images/1556494349415813125_1.jpg,1
twigma/images/1579278248722460673_1.jpg,1
twigma/images/1438872872135507975_1.jpg,1
twigma/images/1575573798962999297_1.jpg,1
twigma/images/1584072421346185216_1.jpg,1
twigma/images/1575467127708024832_1.jpg,1
twigma/images/1581770018370768896_1.jpg,1
twigma/images/1601104703102005252_2.jpg,1
twigma/images/1567894447207096329_1.jpg,1
twigma/images/1570527065665056769_1.jpg,1
twigma/images/1599831969159954444_1.jpg,1
twigma/images/1580384074891292673_1.jpg,1
twigma/images/1579443436070965249_2.jpg,1
twigma/images/1574791098068865026_1.jpg,1
twigma/images/1585697243247841280_4.jpg,1
twigma/images/1584871093076168705_1.jpg,1
twigma/images/1586055210006646785_1.jpg,1
twigma/images/1575795254694793216_1.jpg,1
twigma/images/1577939750509576197_1.jpg,1
twigma/images/1587097561093263361_1.jpg,1
twigma/images/1579486752116731904_1.jpg,1
twigma/images/1582604591925194752_2.jpg,1
twigma/images/1581707075448897536_4.jpg,1
twigma/images/1599702235780419584_1.jpg,1
twigma/images/1575324784048717825_1.jpg,1
twigma/images/1604241008744611846_1.jpg,1
twigma/images/1606653009118707712_4.jpg,1
twigma/images/1607188451358806016_1.jpg,1
twigma/images/1515294948186365955_1.jpg,1
twigma/images/1483389727793369090_1.jpg,1
twigma/images/1585472067352244224_1.jpg,1
twigma/images/1579385610267398145_3.jpg,1
twigma/images/1606051118941114368_1.jpg,1
twigma/images/1525719587945431045_1.jpg,1
twigma/images/1561846003115823104_1.jpg,1
twigma/images/1482955864034185216_1.jpg,1
twigma/images/1580255563245842433_1.jpg,1
twigma/images/1524809892795752449_3.jpg,1
twigma/images/1578063786090455050_1.jpg,1
twigma/images/1587063242198745090_2.jpg,1
twigma/images/1571626813717102592_2.jpg,1
twigma/images/1603493802710224896_1.jpg,1
twigma/images/1586656021770309632_1.jpg,1
twigma/images/1497219583249301504_1.jpg,1
twigma/images/1578996774580105217_2.jpg,1
twigma/images/1564964994646585345_3.jpg,1
twigma/images/1565611073541111809_1.jpg,1
twigma/images/1575953206089519104_1.jpg,1
twigma/images/1584434373520023558_1.jpg,1
twigma/images/1603158058133524480_3.jpg,1
twigma/images/1602284489379647488_1.jpg,1
twigma/images/1602946933718392834_1.jpg,1
twigma/images/1474085091706081297_1.jpg,1
twigma/images/1603111301382742016_1.jpg,1
twigma/images/1526149862219292673_1.jpg,1
twigma/images/1606401278896136194_3.jpg,1
twigma/images/1565701079177854976_4.jpg,1
twigma/images/1582947489740918784_3.jpg,1
twigma/images/1584360064608964608_1.jpg,1
twigma/images/1580250549651660800_1.jpg,1
twigma/images/1584848454005968897_1.jpg,1
twigma/images/1566730436340064256_1.jpg,1
twigma/images/1579185462480343040_1.jpg,1
twigma/images/1601652373612814337_1.jpg,1
twigma/images/1603098809235537924_1.jpg,1
twigma/images/1578580499806576640_1.jpg,1
twigma/images/1586095446522580992_1.jpg,1
twigma/images/1603448427634999303_1.jpg,1
twigma/images/1517540363505872896_3.jpg,1
twigma/images/1527887748572626944_1.jpg,1
twigma/images/1565023546165940224_2.jpg,1
twigma/images/1582506428656254976_3.jpg,1
twigma/images/1586397650416549890_1.jpg,1
twigma/images/1608242124889427970_1.jpg,1
twigma/images/1607501760968679424_1.jpg,1
twigma/images/1584109734071705600_1.jpg,1
twigma/images/1480842060861100032_1.jpg,1
twigma/images/1564783820460654595_1.jpg,1
twigma/images/1593931594686922752_1.jpg,1
twigma/images/1556158426404638721_1.jpg,1
twigma/images/1579097665564192768_1.jpg,1
twigma/images/1581373917801123841_1.jpg,1
twigma/images/1604231434536996865_1.jpg,1
twigma/images/1574479186483466241_1.jpg,1
twigma/images/1575594183926362113_3.jpg,1
twigma/images/1580927098390081536_1.jpg,1
twigma/images/1601548863298363392_1.jpg,1
twigma/images/1496269594549538816_3.jpg,1
twigma/images/1516087506583883781_1.jpg,1
twigma/images/1555675286477320193_3.jpg,1
twigma/images/1608340979966173184_1.jpg,1
twigma/images/1601118433516867584_1.jpg,1
twigma/images/1567959498219986945_3.jpg,1
twigma/images/1579801577728401408_2.jpg,1
twigma/images/1602451331687424000_1.jpg,1
twigma/images/1585325994130522133_1.jpg,1
twigma/images/1584676413227298816_3.jpg,1
twigma/images/1579156548416569344_2.jpg,1
twigma/images/1603656310339252224_1.jpg,1
twigma/images/1576199829617012736_1.jpg,1
twigma/images/1560982671173439491_3.jpg,1
twigma/images/1581363612483874820_1.jpg,1
twigma/images/1586008114545184768_4.jpg,1
twigma/images/1606001855883988992_2.jpg,1
twigma/images/1583400478938828805_1.jpg,1
twigma/images/1600655142663118848_1.jpg,1
twigma/images/1602547466414723072_1.jpg,1
twigma/images/1601583982767837184_1.jpg,1
twigma/images/1579158522302205952_3.jpg,1
twigma/images/1607911057993105410_1.jpg,1
twigma/images/1568947378912169987_1.jpg,1
twigma/images/1602425047456665601_1.jpg,1
twigma/images/1577823460176412674_1.jpg,1
twigma/images/1467561944169259017_1.jpg,1
twigma/images/1585390110790615046_1.jpg,1
twigma/images/1564200049084473345_1.jpg,1
twigma/images/1514608058076303379_2.jpg,1
twigma/images/1564620742074908678_3.jpg,1
twigma/images/1601061221473472512_4.jpg,1
twigma/images/1529153401333899265_4.jpg,1
twigma/images/1574773318473109506_1.jpg,1
twigma/images/1513891835575476233_2.jpg,1
twigma/images/1583536087288672256_1.jpg,1
twigma/images/1577700391382155265_1.jpg,1
twigma/images/1574519674947227648_1.jpg,1
twigma/images/1580268620717862912_2.jpg,1
twigma/images/1528110616279273472_1.jpg,1
twigma/images/1568720664693014528_4.jpg,1
twigma/images/1583319195357368320_1.jpg,1
twigma/images/1574039178341400576_1.jpg,1
twigma/images/1570904355423027200_1.jpg,1
twigma/images/1582235785847111680_1.jpg,1
twigma/images/1449652763839778819_1.jpg,1
twigma/images/1568619225383665664_3.jpg,1
twigma/images/1606502242135465985_1.jpg,1
twigma/images/1569219627204354049_1.jpg,1
twigma/images/1604240224686587905_1.jpg,1
twigma/images/1608176862416760832_1.jpg,1
twigma/images/1584448467447222272_1.jpg,1
twigma/images/1577327021952204801_1.jpg,1
twigma/images/1519281856541335553_1.jpg,1
twigma/images/1604457755649011712_1.jpg,1
twigma/images/1601614185590566912_1.jpg,1
twigma/images/1587142576225673216_3.jpg,1
twigma/images/1568587473273364485_2.jpg,1
twigma/images/1608535770578436096_1.jpg,1
twigma/images/1584737980962349059_1.jpg,1
twigma/images/1580185141833478144_2.jpg,1
twigma/images/1574130934193979392_1.jpg,1
twigma/images/1522754739104063489_1.jpg,1
twigma/images/1496876469137592322_1.jpg,1
twigma/images/1568169640119136256_1.jpg,1
twigma/images/1498231500780802052_1.jpg,1
twigma/images/1580247926995005440_1.jpg,1
twigma/images/1469494071777443842_1.jpg,1
twigma/images/1604237562629001216_1.jpg,1
twigma/images/1585903745954885632_3.jpg,1
twigma/images/1576304498527547392_1.jpg,1
twigma/images/1601515977069527040_1.jpg,1
twigma/images/1564656904462385154_1.jpg,1
twigma/images/1509606317656535040_1.jpg,1
twigma/images/1606720682062188547_3.jpg,1
twigma/images/1556172655640068096_1.jpg,1
twigma/images/1496553947087224843_1.jpg,1
twigma/images/1566020847940386817_1.jpg,1
twigma/images/1585706686190231552_1.jpg,1
twigma/images/1604754398059859968_1.jpg,1
twigma/images/1583070156263038976_1.jpg,1
twigma/images/1579250076983373824_1.jpg,1
twigma/images/1574486386710761472_1.jpg,1
twigma/images/1583070040374464514_1.jpg,1
twigma/images/1583891695623581696_1.jpg,1
twigma/images/1575185086504640512_1.jpg,1
twigma/images/1531715179070705664_1.jpg,1
twigma/images/1582083123902558208_1.jpg,1
twigma/images/1568402577225564161_1.jpg,1
twigma/images/1574209688710877189_1.jpg,1
twigma/images/1605809715665149955_1.jpg,1
twigma/images/1571340639232741376_1.jpg,1
twigma/images/1584170488674541569_1.jpg,1
twigma/images/1468360857855930371_1.jpg,1
twigma/images/1521825221959118849_1.jpg,1
twigma/images/1435180187126308867_1.jpg,1
twigma/images/1601428457186918400_3.jpg,1
twigma/images/1584396790581063680_1.jpg,1
twigma/images/1577294874046779393_1.jpg,1
twigma/images/1601132952573952002_1.jpg,1
twigma/images/1450879728861200387_1.jpg,1
twigma/images/1575651282659860481_1.jpg,1
twigma/images/1587185337154998272_1.jpg,1
twigma/images/1495917023242694661_1.jpg,1
twigma/images/1585591491799486466_1.jpg,1
twigma/images/1572073303954849795_1.jpg,1
twigma/images/1574903715131269122_1.jpg,1
twigma/images/1564596539208654849_1.jpg,1
twigma/images/1600595233200562176_2.jpg,1
twigma/images/1572033690842308609_1.jpg,1
twigma/images/1596925908920983552_1.jpg,1
twigma/images/1582538985296973825_2.jpg,1
twigma/images/1574067451146698753_1.jpg,1
twigma/images/1579029053352202240_4.jpg,1
twigma/images/1582194988296781825_1.jpg,1
twigma/images/1575800660892610561_1.jpg,1
twigma/images/1563885521079861249_1.jpg,1
twigma/images/1604239912860909568_1.jpg,1
twigma/images/1601613064591527938_1.jpg,1
twigma/images/1581019957412102144_4.jpg,1
twigma/images/1573619097195413504_3.jpg,1
twigma/images/1565947699987464193_2.jpg,1
twigma/images/1581691164029485056_1.jpg,1
twigma/images/1602709826140000256_1.jpg,1
twigma/images/1505026136190857216_1.jpg,1
twigma/images/1586704397928628227_1.jpg,1
twigma/images/1511113346359209984_4.jpg,1
twigma/images/1581149064405880833_1.jpg,1
twigma/images/1569064700180156421_1.jpg,1
twigma/images/1574583329487462401_1.jpg,1
twigma/images/1575635199245025281_4.jpg,1
twigma/images/1599565516099796992_1.jpg,1
twigma/images/1571764804448145409_1.jpg,1
twigma/images/1563632122610327553_2.jpg,1
twigma/images/1575808948698943488_3.jpg,1
twigma/images/1586144816785633280_1.jpg,1
twigma/images/1583640967902425088_1.jpg,1
twigma/images/1591737545456750592_1.jpg,1
twigma/images/1581494454405300224_2.jpg,1
twigma/images/1606315849337475076_1.jpg,1
twigma/images/1566906702347354113_3.jpg,1
twigma/images/1606801377505730567_1.jpg,1
twigma/images/1573683954959679488_1.jpg,1
twigma/images/1581378193206177793_1.jpg,1
twigma/images/1575118397171433473_4.jpg,1
twigma/images/1570426469897342978_2.jpg,1
twigma/images/1562178290885992448_1.jpg,1
twigma/images/1437847069423661058_1.jpg,1
twigma/images/1585269704977006593_1.jpg,1
twigma/images/1572966690258059265_3.jpg,1
twigma/images/1579359120418779136_1.jpg,1
twigma/images/1604517137946591233_1.jpg,1
twigma/images/1574401831186288642_1.jpg,1
twigma/images/1576940376060874753_2.jpg,1
twigma/images/1437083641046257668_2.jpg,1
twigma/images/1510729133877350410_1.jpg,1
twigma/images/1563992587253547009_1.jpg,1
twigma/images/1437592219406540804_1.jpg,1
twigma/images/1608637128711507972_1.jpg,1
twigma/images/1562865595137536000_2.jpg,1
twigma/images/1579939661287682049_3.jpg,1
twigma/images/1570813764127301633_1.jpg,1
twigma/images/1601637077611057153_1.jpg,1
twigma/images/1508602587288907776_1.jpg,1
twigma/images/1438747145629220867_4.jpg,1
twigma/images/1586991366072049664_1.jpg,1
twigma/images/1525246273250525184_1.jpg,1
twigma/images/1570256795532406784_1.jpg,1
twigma/images/1583809022243012609_1.jpg,1
twigma/images/1584347191287898112_1.jpg,1
twigma/images/1566022832173117440_3.jpg,1
twigma/images/1586910337269264385_1.jpg,1
twigma/images/1605730692868063234_1.jpg,1
twigma/images/1572504477206474752_1.jpg,1
twigma/images/1582039102777888770_3.jpg,1
twigma/images/1579457974682406912_2.jpg,1
twigma/images/1560983771570225158_1.jpg,1
twigma/images/1567056701546700800_1.jpg,1
twigma/images/1606611768293224449_1.jpg,1
twigma/images/1607102743910711296_1.jpg,1
twigma/images/1573713076565721089_3.jpg,1
twigma/images/1558030895369621504_4.jpg,1
twigma/images/1516612415630331904_2.jpg,1
twigma/images/1576682332563464192_1.jpg,1
twigma/images/1580090682823229442_1.jpg,1
twigma/images/1578533620624818176_1.jpg,1
twigma/images/1556995340850569216_1.jpg,1
twigma/images/1516088667231637510_4.jpg,1
twigma/images/1603861165179736064_1.jpg,1
twigma/images/1588326853256744961_1.jpg,1
twigma/images/1563190476030615555_1.jpg,1
twigma/images/1578089556720615424_1.jpg,1
twigma/images/1566864457078390786_1.jpg,1
twigma/images/1513891178181189643_2.jpg,1
twigma/images/1580959736970608646_1.jpg,1
twigma/images/1601092414936330241_3.jpg,1
twigma/images/1600227157191626755_1.jpg,1
twigma/images/1566195190813327360_4.jpg,1
twigma/images/1579300035409641472_1.jpg,1
twigma/images/1601615279297290240_1.jpg,1
twigma/images/1582686282752282626_1.jpg,1
twigma/images/1603494455662764033_1.jpg,1
twigma/images/1605878548295667712_1.jpg,1
twigma/images/1583070058368053248_1.jpg,1
twigma/images/1570070674823053315_1.jpg,1
twigma/images/1564351711216648198_1.jpg,1
twigma/images/1576286646915694592_1.jpg,1
twigma/images/1582747854397112322_2.jpg,1
twigma/images/1580924278916063232_1.jpg,1
twigma/images/1570947325316694017_1.jpg,1
twigma/images/1608547696679456768_2.jpg,1
twigma/images/1562615424587427844_1.jpg,1
twigma/images/1607745524739751937_1.jpg,1
twigma/images/1580883039256969216_1.jpg,1
twigma/images/1491144435329306626_1.jpg,1
twigma/images/1577422579437969409_3.jpg,1
twigma/images/1585761986263982080_1.jpg,1
twigma/images/1579983993696833536_1.jpg,1
twigma/images/1601655487073849346_1.jpg,1
twigma/images/1580986602846711814_2.jpg,1
twigma/images/1556966471925915648_1.jpg,1
twigma/images/1586669203926487041_1.jpg,1
twigma/images/1568413012582895617_1.jpg,1
twigma/images/1560643029530079237_1.jpg,1
twigma/images/1571458611955769345_1.jpg,1
twigma/images/1586126775607644160_1.jpg,1
twigma/images/1601613419928780800_1.jpg,1
twigma/images/1567364772491837440_1.jpg,1
twigma/images/1530546793129328640_1.jpg,1
twigma/images/1574374895718469632_3.jpg,1
twigma/images/1579849505478168576_1.jpg,1
twigma/images/1579223588548513793_1.jpg,1
twigma/images/1586397482300350464_1.jpg,1
twigma/images/1578611719706136576_4.jpg,1
twigma/images/1526719324924289024_1.jpg,1
twigma/images/1582495910105612289_1.jpg,1
twigma/images/1601442436014034944_1.jpg,1
twigma/images/1570450738400092160_1.jpg,1
twigma/images/1601022654672031745_1.jpg,1
twigma/images/1568244320037117952_1.jpg,1
twigma/images/1580881429356900352_1.jpg,1
twigma/images/1581446668255301634_3.jpg,1
twigma/images/1583650176149094400_1.jpg,1
twigma/images/1563850615876247553_1.jpg,1
twigma/images/1587098749998100481_2.jpg,1
twigma/images/1580602771849433088_2.jpg,1
twigma/images/1585413800131694592_2.jpg,1
twigma/images/1566749932345778176_1.jpg,1
twigma/images/1601255797300006913_1.jpg,1
twigma/images/1575882987442315266_1.jpg,1
twigma/images/1574767761498447874_1.jpg,1
twigma/images/1512586901500407818_4.jpg,1
twigma/images/1600865489655595009_2.jpg,1
twigma/images/1564338439658536960_1.jpg,1
twigma/images/1566482418852597760_4.jpg,1
twigma/images/1606930707062063107_1.jpg,1
twigma/images/1580498318458642432_1.jpg,1
twigma/images/1578237746732142593_1.jpg,1
twigma/images/1564562664289861632_1.jpg,1
twigma/images/1574793246156509195_1.jpg,1
twigma/images/1563524299448676356_1.jpg,1
twigma/images/1586703395724877824_2.jpg,1
twigma/images/1573733550360334336_4.jpg,1
twigma/images/1584443456050499584_1.jpg,1
twigma/images/1579983038053638144_1.jpg,1
twigma/images/1556710342717329408_2.jpg,1
twigma/images/1512136184784461837_1.jpg,1
twigma/images/1495193147462324224_1.jpg,1
twigma/images/1607074397029801985_1.jpg,1
twigma/images/1608628716510523394_1.jpg,1
twigma/images/1605227692369944576_2.jpg,1
twigma/images/1585339532261568512_1.jpg,1
twigma/images/1559131192422809602_4.jpg,1
twigma/images/1514482521915867138_1.jpg,1
twigma/images/1581313696348835845_1.jpg,1
twigma/images/1562555412901396481_2.jpg,1
twigma/images/1558465322738323462_1.jpg,1
twigma/images/1572420441687621638_4.jpg,1
twigma/images/1487212644721328132_2.jpg,1
twigma/images/1518304283925508096_1.jpg,1
twigma/images/1601216084916326400_1.jpg,1
twigma/images/1580136309238403072_1.jpg,1
twigma/images/1577099335816597505_2.jpg,1
twigma/images/1603355574800125955_1.jpg,1
twigma/images/1587120388005253120_1.jpg,1
twigma/images/1566035256985231361_1.jpg,1
twigma/images/1587104083248353280_1.jpg,1
twigma/images/1601131132707217408_4.jpg,1
twigma/images/1477300399627698176_2.jpg,1
twigma/images/1570996330625126400_1.jpg,1
twigma/images/1584443427604729858_1.jpg,1
twigma/images/1569087090998009861_1.jpg,1
twigma/images/1575818394661552128_1.jpg,1
twigma/images/1505777976192876547_1.jpg,1
twigma/images/1515084634815868929_1.jpg,1
twigma/images/1440922685761073163_2.jpg,1
twigma/images/1586406105323913216_1.jpg,1
twigma/images/1602834921462136834_1.jpg,1
twigma/images/1572145097134804993_1.jpg,1
twigma/images/1582148052734726144_1.jpg,1
twigma/images/1585256606312587270_1.jpg,1
twigma/images/1587125337892290562_1.jpg,1
twigma/images/1580300609948819456_3.jpg,1
twigma/images/1583023516336934914_1.jpg,1
twigma/images/1565398326555598849_1.jpg,1
twigma/images/1607783375300870146_1.jpg,1
twigma/images/1558413150856384513_4.jpg,1
twigma/images/1604233490354036737_1.jpg,1
twigma/images/1599408055128854528_1.jpg,1
twigma/images/1579238824311652353_1.jpg,1
twigma/images/1607571278398906369_1.jpg,1
twigma/images/1600942354579722241_2.jpg,1
twigma/images/1608349781608243200_1.jpg,1
twigma/images/1579765484635193346_1.jpg,1
twigma/images/1607604433638068228_1.jpg,1
twigma/images/1508983574971748355_4.jpg,1
twigma/images/1608165236644741125_1.jpg,1
twigma/images/1578868377510350848_1.jpg,1
twigma/images/1573002572444872704_1.jpg,1
twigma/images/1584294271116783618_1.jpg,1
twigma/images/1575193242022211584_1.jpg,1
twigma/images/1594701873495560192_1.jpg,1
twigma/images/1567346416753729537_3.jpg,1
twigma/images/1581211291548811265_2.jpg,1
twigma/images/1600197692906299392_1.jpg,1
twigma/images/1486282069894381571_2.jpg,1
twigma/images/1600169229595967494_1.jpg,1
twigma/images/1565537542442827776_1.jpg,1
twigma/images/1605172775525588993_1.jpg,1
twigma/images/1605805967027113985_2.jpg,1
twigma/images/1580669879291899905_1.jpg,1
twigma/images/1583809544995901440_1.jpg,1
twigma/images/1605065456615936000_1.jpg,1
twigma/images/1582565912384655361_1.jpg,1
twigma/images/1524088669300310017_1.jpg,1
twigma/images/1588493132722995200_4.jpg,1
twigma/images/1584438150050770944_1.jpg,1
twigma/images/1594801604221636609_1.jpg,1
twigma/images/1568447507944046592_1.jpg,1
twigma/images/1585878963011952640_1.jpg,1
twigma/images/1608629031842320386_1.jpg,1
twigma/images/1583184801774727169_3.jpg,1
twigma/images/1585281841820418048_1.jpg,1
twigma/images/1507863230953267200_3.jpg,1
twigma/images/1601913356033658880_1.jpg,1
twigma/images/1605334737975115777_1.jpg,1
twigma/images/1602368973995376640_1.jpg,1
twigma/images/1499331548369362945_1.jpg,1
twigma/images/1606758163214209027_1.jpg,1
twigma/images/1604242040577216513_1.jpg,1
twigma/images/1521595484141498376_1.jpg,1
twigma/images/1575191043808833536_1.jpg,1
twigma/images/1607652572470419456_1.jpg,1
twigma/images/1607909898821697537_1.jpg,1
twigma/images/1578539108925771776_1.jpg,1
twigma/images/1584205768093728768_2.jpg,1
twigma/images/1510623923217571842_2.jpg,1
twigma/images/1556300912158597121_2.jpg,1
twigma/images/1580398291186958337_1.jpg,1
twigma/images/1496176599280017408_1.jpg,1
twigma/images/1586131457038319618_1.jpg,1
twigma/images/1585174213027332096_1.jpg,1
twigma/images/1557996054506643456_1.jpg,1
twigma/images/1601209587776258049_1.jpg,1
twigma/images/1585195848509673472_1.jpg,1
twigma/images/1564507303126208514_2.jpg,1
twigma/images/1584127626717057024_1.jpg,1
twigma/images/1600222545508151296_1.jpg,1
twigma/images/1495127906024140800_4.jpg,1
twigma/images/1557810194133958657_1.jpg,1
twigma/images/1584642011973373952_1.jpg,1
twigma/images/1579464599510085636_3.jpg,1
twigma/images/1587100595957161985_3.jpg,1
twigma/images/1567350361157152771_1.jpg,1
twigma/images/1468596558975451139_1.jpg,1
twigma/images/1583162687915143168_1.jpg,1
twigma/images/1578455742327099392_3.jpg,1
twigma/images/1582659099056955392_1.jpg,1
twigma/images/1572625370494418944_1.jpg,1
twigma/images/1568788263170629633_1.jpg,1
twigma/images/1575204694808735746_1.jpg,1
twigma/images/1600940193304846336_2.jpg,1
twigma/images/1579096991539556355_1.jpg,1
twigma/images/1576127073692790785_1.jpg,1
twigma/images/1608535077381885953_1.jpg,1
twigma/images/1562685421565317123_2.jpg,1
twigma/images/1586070266614104064_1.jpg,1
twigma/images/1585666862343487489_1.jpg,1
twigma/images/1582048613911625728_4.jpg,1
twigma/images/1586396194825068544_3.jpg,1
twigma/images/1608303304961826818_1.jpg,1
twigma/images/1577381445672534017_1.jpg,1
twigma/images/1573042319124992000_1.jpg,1
twigma/images/1586742067740704768_2.jpg,1
twigma/images/1601846176604917760_1.jpg,1
twigma/images/1586395045254529029_1.jpg,1
twigma/images/1579218202201968640_3.jpg,1
twigma/images/1485922151748325378_1.jpg,1
twigma/images/1565100463397040128_3.jpg,1
twigma/images/1586672821874442242_1.jpg,1
twigma/images/1573733520765247488_1.jpg,1
twigma/images/1578678465347264512_1.jpg,1
twigma/images/1568103571740135429_2.jpg,1
twigma/images/1576279759721357313_1.jpg,1
twigma/images/1572570797289648129_2.jpg,1
twigma/images/1584294571009519616_1.jpg,1
twigma/images/1484699967235280896_1.jpg,1
twigma/images/1565040286073360385_1.jpg,1
twigma/images/1608968887411920898_1.jpg,1
twigma/images/1561414479593611264_3.jpg,1
twigma/images/1562669126921129985_1.jpg,1
twigma/images/1587013338915012610_1.jpg,1
twigma/images/1579957514099105792_4.jpg,1
twigma/images/1564524619893071873_2.jpg,1
twigma/images/1575254028879073302_1.jpg,1
twigma/images/1503145897823244288_1.jpg,1
twigma/images/1602010247861764096_1.jpg,1
twigma/images/1579146537963491328_1.jpg,1
twigma/images/1601611676536557568_1.jpg,1
twigma/images/1606268542197735425_3.jpg,1
twigma/images/1605741627020025858_1.jpg,1
twigma/images/1582975517304958976_3.jpg,1
twigma/images/1575157758256619520_1.jpg,1
twigma/images/1604197034436820992_1.jpg,1
twigma/images/1596462145281327104_1.jpg,1
twigma/images/1496585045515063302_1.jpg,1
twigma/images/1581858271261970432_1.jpg,1
twigma/images/1584714329034588160_1.jpg,1
twigma/images/1585347652199251972_1.jpg,1
twigma/images/1566562666021376000_1.jpg,1
twigma/images/1586742329120915456_1.jpg,1
twigma/images/1570200594387959808_1.jpg,1
twigma/images/1605933606152466432_4.jpg,1
twigma/images/1572573700079390724_1.jpg,1
twigma/images/1579565712905244672_2.jpg,1
twigma/images/1600608430888198145_2.jpg,1
twigma/images/1601614818204864513_1.jpg,1
twigma/images/1599993276303826945_1.jpg,1
twigma/images/1602473811185897472_1.jpg,1
twigma/images/1563449315091415042_2.jpg,1
twigma/images/1519695043459788801_2.jpg,1
twigma/images/1574025677824589824_1.jpg,1
twigma/images/1580200835770101760_1.jpg,1
twigma/images/1602094360187002881_1.jpg,1
twigma/images/1569594375050493952_1.jpg,1
twigma/images/1510556211279761411_1.jpg,1
twigma/images/1555587310435041281_1.jpg,1
twigma/images/1482205481028489226_1.jpg,1
twigma/images/1577534135786262528_1.jpg,1
twigma/images/1525975325062189056_1.jpg,1
twigma/images/1436334851129581569_1.jpg,1
twigma/images/1564200096895729664_1.jpg,1
twigma/images/1489789585022459906_1.jpg,1
twigma/images/1585455536857825282_1.jpg,1
twigma/images/1555778847404163073_1.jpg,1
twigma/images/1581882852228366337_1.jpg,1
twigma/images/1561708814373625856_1.jpg,1
twigma/images/1480123125610299392_1.jpg,1
twigma/images/1560712940826742784_1.jpg,1
twigma/images/1602799219458289664_1.jpg,1
twigma/images/1583069934870896641_2.jpg,1
twigma/images/1566186290500063233_1.jpg,1
twigma/images/1557569336310726657_1.jpg,1
twigma/images/1574824909292847104_1.jpg,1
twigma/images/1606579030135918597_1.jpg,1
twigma/images/1594762601560424462_1.jpg,1
twigma/images/1568947211790331905_1.jpg,1
twigma/images/1522010485641519105_1.jpg,1
twigma/images/1579475646660882435_4.jpg,1
twigma/images/1569330083210625024_1.jpg,1
twigma/images/1582700030401871872_1.jpg,1
twigma/images/1569499194897104898_1.jpg,1
twigma/images/1527335760856113184_1.jpg,1
twigma/images/1600713301851516929_1.jpg,1
twigma/images/1557474400529657856_1.jpg,1
twigma/images/1606335224346038280_1.jpg,1
twigma/images/1601730985972105216_4.jpg,1
twigma/images/1601359766449553409_1.jpg,1
twigma/images/1560293105256894465_1.jpg,1
twigma/images/1574780596991447040_1.jpg,1
twigma/images/1602444597615296512_1.jpg,1
twigma/images/1567537856654213131_1.jpg,1
twigma/images/1575123335679279104_3.jpg,1
twigma/images/1568609950192082952_3.jpg,1
twigma/images/1579921640104034304_1.jpg,1
twigma/images/1553096032937992192_1.jpg,1
twigma/images/1585196019410784259_1.jpg,1
twigma/images/1601719668737454080_4.jpg,1
twigma/images/1602510255539134464_1.jpg,1
twigma/images/1587202764714610688_1.jpg,1
twigma/images/1602068267618672640_1.jpg,1
twigma/images/1575113299272019968_1.jpg,1
twigma/images/1579821178025148416_1.jpg,1
twigma/images/1601572642964013057_1.jpg,1
twigma/images/1435716868061421572_1.jpg,1
twigma/images/1579274657114775553_3.jpg,1
twigma/images/1605688691925700608_1.jpg,1
twigma/images/1585312079128428551_1.jpg,1
twigma/images/1605920534969081859_1.jpg,1
twigma/images/1516803916675141640_1.jpg,1
twigma/images/1574820358028496905_1.jpg,1
twigma/images/1571546553264836613_1.jpg,1
twigma/images/1605796125042020353_2.jpg,1
twigma/images/1584843401052258305_1.jpg,1
twigma/images/1531311402387898369_1.jpg,1
twigma/images/1511515707149803522_2.jpg,1
twigma/images/1582774134811275265_2.jpg,1
twigma/images/1572100855750443008_1.jpg,1
twigma/images/1572706566444548096_1.jpg,1
twigma/images/1577360026343194632_1.jpg,1
twigma/images/1600216070412910592_1.jpg,1
twigma/images/1569937356924518401_1.jpg,1
twigma/images/1584526184469012481_1.jpg,1
twigma/images/1583823430750994432_1.jpg,1
twigma/images/1513180317133201414_2.jpg,1
twigma/images/1598848903444860928_1.jpg,1
twigma/images/1608230699735154689_1.jpg,1
twigma/images/1580355512541286400_1.jpg,1
twigma/images/1565527785732378625_1.jpg,1
twigma/images/1584193420171833344_4.jpg,1
twigma/images/1572126825291317248_1.jpg,1
twigma/images/1562826417729343491_1.jpg,1
twigma/images/1586613879320104960_1.jpg,1
twigma/images/1525128909901160449_1.jpg,1
twigma/images/1604831430990864384_1.jpg,1
twigma/images/1516364651126218757_1.jpg,1
twigma/images/1563998444544458752_1.jpg,1
twigma/images/1468222978315874305_2.jpg,1
twigma/images/1584171277048111105_1.jpg,1
twigma/images/1576599546049622020_1.jpg,1
twigma/images/1578810477505024000_1.jpg,1
twigma/images/1557267413095354368_1.jpg,1
twigma/images/1584953771452469248_1.jpg,1
twigma/images/1608934284513153030_2.jpg,1
twigma/images/1603817188527308807_1.jpg,1
twigma/images/1562991939460292608_1.jpg,1
twigma/images/1586016353856630785_1.jpg,1
twigma/images/1600052478527021056_3.jpg,1
twigma/images/1505185981921701889_3.jpg,1
twigma/images/1513904136894484483_1.jpg,1
twigma/images/1563677029219926016_2.jpg,1
twigma/images/1574475340826775552_1.jpg,1
twigma/images/1607170718063542273_1.jpg,1
twigma/images/1582192249991213057_1.jpg,1
twigma/images/1568585351450468352_2.jpg,1
twigma/images/1582565394002214912_1.jpg,1
twigma/images/1586831234289868805_2.jpg,1
twigma/images/1608128525168676864_1.jpg,1
twigma/images/1579871909378134017_1.jpg,1
twigma/images/1594667776144187394_1.jpg,1
twigma/images/1608567173429227520_1.jpg,1
twigma/images/1582563754146873345_1.jpg,1
twigma/images/1570885451657117696_1.jpg,1
twigma/images/1603133211059666945_1.jpg,1
twigma/images/1582900526454173696_1.jpg,1
twigma/images/1600641146832699394_1.jpg,1
twigma/images/1581899207551569920_1.jpg,1
twigma/images/1570476892809052162_1.jpg,1
twigma/images/1449013035398533138_1.jpg,1
twigma/images/1446459751928377346_2.jpg,1
twigma/images/1571055770124570626_2.jpg,1
twigma/images/1567199723500568577_1.jpg,1
twigma/images/1575882676053151745_1.jpg,1
twigma/images/1583605902355357696_1.jpg,1
twigma/images/1441507671627026433_4.jpg,1
twigma/images/1576681614259589120_1.jpg,1
twigma/images/1601380516208381952_1.jpg,1
twigma/images/1565459956135911424_1.jpg,1
twigma/images/1603444943866908672_1.jpg,1
twigma/images/1567800043016437760_1.jpg,1
twigma/images/1481612400805789697_1.jpg,1
twigma/images/1573337855778332673_1.jpg,1
twigma/images/1567107612285566976_2.jpg,1
twigma/images/1568594581263945728_4.jpg,1
twigma/images/1566437373772271616_1.jpg,1
twigma/images/1527991495109795840_1.jpg,1
twigma/images/1585946580313686019_1.jpg,1
twigma/images/1579254475780300800_4.jpg,1
twigma/images/1562967078306324480_1.jpg,1
twigma/images/1601239375706083328_1.jpg,1
twigma/images/1604395117892313088_1.jpg,1
twigma/images/1604014813323169793_1.jpg,1
twigma/images/1571210535265341444_1.jpg,1
twigma/images/1583084205382455297_3.jpg,1
twigma/images/1522201389979607040_1.jpg,1
twigma/images/1578368734917443588_1.jpg,1
twigma/images/1585527327068389377_1.jpg,1
twigma/images/1607739876723630081_1.jpg,1
twigma/images/1579132156894269440_1.jpg,1
twigma/images/1601637646488326145_1.jpg,1
twigma/images/1582731408920915974_2.jpg,1
twigma/images/1604576822137602056_1.jpg,1
twigma/images/1605864854468063232_2.jpg,1
twigma/images/1584878091968868352_1.jpg,1
twigma/images/1568649187335573504_3.jpg,1
twigma/images/1574538227049893889_1.jpg,1
twigma/images/1567703138295255040_4.jpg,1
twigma/images/1603564936235405313_1.jpg,1
twigma/images/1583353313944223744_3.jpg,1
twigma/images/1504747130380079105_4.jpg,1
twigma/images/1579294402828464128_1.jpg,1
twigma/images/1585180475928231938_2.jpg,1
twigma/images/1562530954148597761_1.jpg,1
twigma/images/1487842228311818241_1.jpg,1
twigma/images/1531451399489392640_1.jpg,1
twigma/images/1557982832089214977_1.jpg,1
twigma/images/1602637362860888066_1.jpg,1
twigma/images/1577404037816848418_1.jpg,1
twigma/images/1579849315027132417_2.jpg,1
twigma/images/1600842891219423233_1.jpg,1
twigma/images/1567235167940386822_1.jpg,1
twigma/images/1572686669052252160_2.jpg,1
twigma/images/1586742067740704768_1.jpg,1
twigma/images/1571299259902828544_4.jpg,1
twigma/images/1559161998545506307_4.jpg,1
twigma/images/1563008333589598209_1.jpg,1
twigma/images/1571999006519357440_1.jpg,1
twigma/images/1551283281584201728_1.jpg,1
twigma/images/1578533114606891008_1.jpg,1
twigma/images/1574960284468678657_3.jpg,1
twigma/images/1570040921261056000_1.jpg,1
twigma/images/1607761297982226432_1.jpg,1
twigma/images/1584517765829754880_1.jpg,1
twigma/images/1583513985474695168_1.jpg,1
twigma/images/1598496166601162754_1.jpg,1
twigma/images/1530326596875345926_1.jpg,1
twigma/images/1569805788578709506_1.jpg,1
twigma/images/1581873294071898112_1.jpg,1
twigma/images/1576727677788045312_1.jpg,1
twigma/images/1549261613785526272_4.jpg,1
twigma/images/1580129704774111232_1.jpg,1
twigma/images/1576286104919035904_1.jpg,1
twigma/images/1574255416598355969_1.jpg,1
twigma/images/1579307232965316609_2.jpg,1
twigma/images/1509896440465788928_1.jpg,1
twigma/images/1564305177934712832_1.jpg,1
twigma/images/1575797177397350401_1.jpg,1
twigma/images/1585324610094260224_2.jpg,1
twigma/images/1584293132908494848_1.jpg,1
twigma/images/1503149403921698821_4.jpg,1
twigma/images/1603872082370125843_1.jpg,1
twigma/images/1584653612419993600_1.jpg,1
twigma/images/1575908266239852544_1.jpg,1
twigma/images/1477774705352331265_4.jpg,1
twigma/images/1605758237348835329_1.jpg,1
twigma/images/1579906816435048449_1.jpg,1
twigma/images/1577437345221312513_1.jpg,1
twigma/images/1528386673788145666_1.jpg,1
twigma/images/1582646038912847873_1.jpg,1
twigma/images/1584009987998687232_1.jpg,1
twigma/images/1582769354537435141_1.jpg,1
twigma/images/1603734549946634240_1.jpg,1
twigma/images/1581673665401606149_1.jpg,1
twigma/images/1584151202333224961_1.jpg,1
twigma/images/1574966779201597440_1.jpg,1
twigma/images/1600436551552421890_1.jpg,1
twigma/images/1583645170360541186_1.jpg,1
twigma/images/1561478592235700226_4.jpg,1
twigma/images/1607763016908697601_4.jpg,1
twigma/images/1607480157098635264_1.jpg,1
twigma/images/1563140466530430979_1.jpg,1
twigma/images/1581691729924993024_2.jpg,1
twigma/images/1468338963551293445_2.jpg,1
twigma/images/1567243992273657856_3.jpg,1
twigma/images/1463280287991873539_1.jpg,1
twigma/images/1585718134727757825_1.jpg,1
twigma/images/1600654684829626368_1.jpg,1
twigma/images/1526705544785973248_1.jpg,1
twigma/images/1435178703122751488_1.jpg,1
twigma/images/1575121273897865217_1.jpg,1
twigma/images/1605866241977098242_1.jpg,1
twigma/images/1575977331906080768_1.jpg,1
twigma/images/1559320246489595905_2.jpg,1
twigma/images/1604506352491053061_1.jpg,1
twigma/images/1564620533815451660_1.jpg,1
twigma/images/1607073593275432967_1.jpg,1
twigma/images/1582859428155469824_1.jpg,1
twigma/images/1566175307237044224_1.jpg,1
twigma/images/1569448068571082752_1.jpg,1
twigma/images/1605579075522859009_1.jpg,1
twigma/images/1581857270962343936_1.jpg,1
twigma/images/1585590485460176899_1.jpg,1
twigma/images/1584931040598294529_2.jpg,1
twigma/images/1583486918268178433_1.jpg,1
twigma/images/1586196602741399552_3.jpg,1
twigma/images/1607352800652021760_1.jpg,1
twigma/images/1600270109007761409_1.jpg,1
twigma/images/1581690091184877568_1.jpg,1
twigma/images/1582327470178504704_1.jpg,1
twigma/images/1527315672400662530_1.jpg,1
twigma/images/1566673733942759424_1.jpg,1
twigma/images/1602032886517202946_1.jpg,1
twigma/images/1568230570601369608_1.jpg,1
twigma/images/1582809316930818050_1.jpg,1
twigma/images/1601124272830750720_1.jpg,1
twigma/images/1579102115896918018_1.jpg,1
twigma/images/1566615931995844608_1.jpg,1
twigma/images/1564770157997592576_3.jpg,1
twigma/images/1487944532964610052_2.jpg,1
twigma/images/1602292850137391105_2.jpg,1
twigma/images/1567542147875733504_1.jpg,1
twigma/images/1584650424791228416_1.jpg,1
twigma/images/1586769988593098753_2.jpg,1
twigma/images/1572223106458034176_1.jpg,1
twigma/images/1579448365066391554_2.jpg,1
twigma/images/1601547287968243718_1.jpg,1
twigma/images/1530275782177607680_2.jpg,1
twigma/images/1604236739765309440_1.jpg,1
twigma/images/1569615837287309315_1.jpg,1
twigma/images/1582822196757815296_1.jpg,1
twigma/images/1602220502445330433_1.jpg,1
twigma/images/1575119823062925313_1.jpg,1
twigma/images/1570148002500575236_1.jpg,1
twigma/images/1578060013066665986_2.jpg,1
twigma/images/1468637507881291777_2.jpg,1
twigma/images/1496191307651366915_1.jpg,1
twigma/images/1508643595452133377_1.jpg,1
twigma/images/1567459401208053761_1.jpg,1
twigma/images/1583548069299507202_1.jpg,1
twigma/images/1565559958443331587_1.jpg,1
twigma/images/1492423389516021762_1.jpg,1
twigma/images/1570353560835051526_1.jpg,1
twigma/images/1547184283281924096_4.jpg,1
twigma/images/1605367983395803136_1.jpg,1
twigma/images/1525404047628443650_1.jpg,1
twigma/images/1584153203892813824_1.jpg,1
twigma/images/1566970004687491073_3.jpg,1
twigma/images/1575521740972822529_2.jpg,1
twigma/images/1602864782683561984_1.jpg,1
twigma/images/1579056053559660545_3.jpg,1
twigma/images/1586114557185085441_1.jpg,1
twigma/images/1571971827471187969_1.jpg,1
twigma/images/1603313982529495042_1.jpg,1
twigma/images/1586355383693897728_1.jpg,1
twigma/images/1579278950618255361_1.jpg,1
twigma/images/1505327283607076866_3.jpg,1
twigma/images/1606298281574682624_1.jpg,1
twigma/images/1608486156198629378_1.jpg,1
twigma/images/1604688631679139840_1.jpg,1
twigma/images/1495564992971739138_1.jpg,1
twigma/images/1604820112888004608_1.jpg,1
twigma/images/1584141504590663680_1.jpg,1
twigma/images/1604633699072483328_1.jpg,1
twigma/images/1604843217983311875_1.jpg,1
twigma/images/1578023950898319360_2.jpg,1
twigma/images/1602253153210089472_3.jpg,1
twigma/images/1576698036847263750_1.jpg,1
twigma/images/1606016335300812801_1.jpg,1
twigma/images/1585007701276651520_1.jpg,1
twigma/images/1608975344836517888_4.jpg,1
twigma/images/1453820112893472788_1.jpg,1
twigma/images/1608368563076694016_1.jpg,1
twigma/images/1601735725514248192_1.jpg,1
twigma/images/1563709692660039682_2.jpg,1
twigma/images/1584999904283336731_1.jpg,1
twigma/images/1581330730751184896_1.jpg,1
twigma/images/1566196849836703744_1.jpg,1
twigma/images/1570104533799542792_1.jpg,1
twigma/images/1608869245118722050_1.jpg,1
twigma/images/1575359223051030528_1.jpg,1
twigma/images/1583883662717644801_2.jpg,1
twigma/images/1581261784899457024_1.jpg,1
twigma/images/1600657950149853185_1.jpg,1
twigma/images/1565722536901545986_2.jpg,1
twigma/images/1438099258301980678_3.jpg,1
twigma/images/1579101916843642880_4.jpg,1
twigma/images/1569529160917467137_1.jpg,1
twigma/images/1603661802780360705_1.jpg,1
twigma/images/1565080862944894977_2.jpg,1
twigma/images/1567161834238771208_1.jpg,1
twigma/images/1607047614507417600_3.jpg,1
twigma/images/1562186178421350400_1.jpg,1
twigma/images/1584414973056278529_4.jpg,1
twigma/images/1578436393079955457_1.jpg,1
twigma/images/1586245495177240576_1.jpg,1
twigma/images/1581683658099867651_1.jpg,1
twigma/images/1586364170156486656_4.jpg,1
twigma/images/1569945509959471104_3.jpg,1
twigma/images/1579909620994170881_1.jpg,1
twigma/images/1564405353625882624_1.jpg,1
twigma/images/1437319782219632641_2.jpg,1
twigma/images/1606598567199637504_1.jpg,1
twigma/images/1594370529120903170_1.jpg,1
twigma/images/1603785304846073859_2.jpg,1
twigma/images/1605041956538748928_1.jpg,1
twigma/images/1569439322453213184_1.jpg,1
twigma/images/1578498728876339201_1.jpg,1
twigma/images/1547017887357059072_4.jpg,1
twigma/images/1496482979706716164_1.jpg,1
twigma/images/1587105158223335427_1.jpg,1
twigma/images/1579511496815828992_1.jpg,1
twigma/images/1523663916940730376_1.jpg,1
twigma/images/1601202195265097729_2.jpg,1
twigma/images/1566881587371061249_1.jpg,1
twigma/images/1584898570825629696_2.jpg,1
twigma/images/1439571774023274501_2.jpg,1
twigma/images/1583901128819081216_4.jpg,1
twigma/images/1585726828295376896_1.jpg,1
twigma/images/1498749172706693125_1.jpg,1
twigma/images/1600445155550674946_1.jpg,1
twigma/images/1580300609948819456_4.jpg,1
twigma/images/1514605971720458254_3.jpg,1
twigma/images/1587338652903829505_1.jpg,1
twigma/images/1607106241246937091_1.jpg,1
twigma/images/1586144816785633280_3.jpg,1
twigma/images/1504118983674503171_2.jpg,1
twigma/images/1606064705205780481_3.jpg,1
twigma/images/1585596476096319489_1.jpg,1
twigma/images/1587131269686640640_2.jpg,1
twigma/images/1601561182007365632_1.jpg,1
twigma/images/1603475492950183936_1.jpg,1
twigma/images/1586758483101327366_1.jpg,1
twigma/images/1563449315091415042_3.jpg,1
twigma/images/1585757266632146944_2.jpg,1
twigma/images/1583101854476476419_2.jpg,1
twigma/images/1587088184189624322_1.jpg,1
twigma/images/1585208431669018625_1.jpg,1
twigma/images/1586538506989539330_3.jpg,1
twigma/images/1585417691313176579_1.jpg,1
twigma/images/1575021872227315713_1.jpg,1
twigma/images/1574040068582416390_2.jpg,1
twigma/images/1599157147530428417_1.jpg,1
twigma/images/1607762789187067906_1.jpg,1
twigma/images/1521950172036665344_1.jpg,1
twigma/images/1603618010178142208_4.jpg,1
twigma/images/1572473777203691521_1.jpg,1
twigma/images/1584438223727603717_1.jpg,1
twigma/images/1603856928324698112_4.jpg,1
twigma/images/1581046529283870720_1.jpg,1
twigma/images/1580713932020674560_1.jpg,1
twigma/images/1576309313047781377_1.jpg,1
twigma/images/1603661832081768448_1.jpg,1
twigma/images/1571507615472943104_1.jpg,1
twigma/images/1566653565346660352_1.jpg,1
twigma/images/1584185558171291655_2.jpg,1
twigma/images/1608577741045043201_1.jpg,1
twigma/images/1607806159326711808_1.jpg,1
twigma/images/1504075934541881345_3.jpg,1
twigma/images/1582914498473631744_1.png,1
twigma/images/1605116351126855680_1.jpg,1
twigma/images/1584937681053630464_1.jpg,1
twigma/images/1604718685033209857_1.jpg,1
twigma/images/1604231019636342784_1.jpg,1
twigma/images/1568395024144146432_2.jpg,1
twigma/images/1563078559073050627_1.jpg,1
twigma/images/1585527585009815561_1.jpg,1
twigma/images/1599720117260075008_3.jpg,1
twigma/images/1604403303965724672_1.jpg,1
twigma/images/1459617010107576321_1.jpg,1
twigma/images/1600496417197400065_1.jpg,1
twigma/images/1581730996046950400_1.jpg,1
twigma/images/1603800245497995264_1.jpg,1
twigma/images/1582844909757038592_1.jpg,1
twigma/images/1576546586934452224_2.jpg,1
twigma/images/1608541955662962688_2.jpg,1
twigma/images/1566668491641573378_2.jpg,1
twigma/images/1601887455179046913_4.jpg,1
twigma/images/1604543113199906817_1.jpg,1
twigma/images/1561475747423846400_1.jpg,1
twigma/images/1505160091384827906_1.jpg,1
twigma/images/1567266088680816640_1.jpg,1
twigma/images/1588493132722995200_1.jpg,1
twigma/images/1579054313191919616_1.jpg,1
twigma/images/1605617117885190144_1.jpg,1
twigma/images/1521557387362340864_1.jpg,1
twigma/images/1560079734771417089_1.jpg,1
twigma/images/1506320078933008385_1.jpg,1
twigma/images/1585047114001915904_1.jpg,1
twigma/images/1579087012032053248_1.jpg,1
twigma/images/1604230925692403715_1.jpg,1
twigma/images/1583091961413918720_1.jpg,1
twigma/images/1601276997711196160_1.jpg,1
twigma/images/1561820801870995458_1.jpg,1
twigma/images/1600870442771877895_1.jpg,1
twigma/images/1516602130257391620_1.jpg,1
twigma/images/1600897124547395591_1.jpg,1
twigma/images/1575325334282665985_1.jpg,1
twigma/images/1571113297134616577_1.jpg,1
twigma/images/1520101791093850112_1.jpg,1
twigma/images/1560068969003991040_1.jpg,1
twigma/images/1495127906024140800_1.jpg,1
twigma/images/1604099593477754884_1.jpg,1
twigma/images/1603726727154470914_1.jpg,1
twigma/images/1530423579833434113_2.jpg,1
twigma/images/1474834102373306368_3.jpg,1
twigma/images/1603474881898741761_1.jpg,1
twigma/images/1558034102066073600_1.jpg,1
twigma/images/1567105430509289474_1.jpg,1
twigma/images/1600084603946967040_1.jpg,1
twigma/images/1590218262981529601_1.jpg,1
twigma/images/1504495953625157632_1.jpg,1
twigma/images/1492787614130257920_1.jpg,1
twigma/images/1608086648880865281_1.jpg,1
twigma/images/1569431336401641472_1.jpg,1
twigma/images/1583042266100248576_1.jpg,1
twigma/images/1584350176696639489_2.jpg,1
twigma/images/1567438402584297475_1.jpg,1
twigma/images/1579936333707247616_2.jpg,1
twigma/images/1599179118465409024_1.jpg,1
twigma/images/1606577565073825793_1.jpg,1
twigma/images/1608576374536560642_1.jpg,1
twigma/images/1583268504295202816_3.jpg,1
twigma/images/1457134451817783299_3.jpg,1
twigma/images/1505179938122522628_1.jpg,1
twigma/images/1582939905097097217_4.jpg,1
twigma/images/1562823000650424320_1.jpg,1
twigma/images/1576599530052542464_1.jpg,1
twigma/images/1606543557728563202_1.jpg,1
twigma/images/1585870113030668288_2.jpg,1
twigma/images/1555626314224246786_1.jpg,1
twigma/images/1576287152308355073_1.jpg,1
twigma/images/1569628618564993024_1.jpg,1
twigma/images/1601303669613264896_1.jpg,1
twigma/images/1578180893293785088_1.jpg,1
twigma/images/1579607755375390723_4.jpg,1
twigma/images/1608772766983139329_1.jpg,1
twigma/images/1585670936786763776_1.jpg,1
twigma/images/1603972576765673472_1.jpg,1
twigma/images/1600253751885025283_1.jpg,1
twigma/images/1568649187335573504_2.jpg,1
twigma/images/1496539129202548739_1.jpg,1
twigma/images/1603184875460337665_1.jpg,1
twigma/images/1564590516808794113_4.jpg,1
twigma/images/1570380129657839617_1.jpg,1
twigma/images/1576025483203858432_1.jpg,1
twigma/images/1601739838427897857_1.jpg,1
twigma/images/1582565605651099648_1.jpg,1
twigma/images/1603472417900400658_2.jpg,1
twigma/images/1575888597978607619_1.jpg,1
twigma/images/1582791449720279045_2.jpg,1
twigma/images/1526844352055627776_4.jpg,1
twigma/images/1582399112343080960_1.jpg,1
twigma/images/1576326482468610048_1.jpg,1
twigma/images/1563858747683966978_3.jpg,1
twigma/images/1602303004769517569_1.jpg,1
twigma/images/1470622542918344709_1.jpg,1
twigma/images/1582905767895920640_3.jpg,1
twigma/images/1603353418243878912_1.jpg,1
twigma/images/1582951104803123200_1.jpg,1
twigma/images/1574895252741267458_1.jpg,1
twigma/images/1579543532649730049_1.jpg,1
twigma/images/1561402693775724544_3.jpg,1
twigma/images/1578595304131420160_1.jpg,1
twigma/images/1575778612565135360_1.jpg,1
twigma/images/1601638024273547264_1.jpg,1
twigma/images/1562865223706767360_1.jpg,1
twigma/images/1602092882088828930_2.jpg,1
twigma/images/1584863563038208005_1.jpg,1
twigma/images/1602245123068272641_1.jpg,1
twigma/images/1606284127640002560_1.jpg,1
twigma/images/1564967621333725184_1.jpg,1
twigma/images/1606750756887052290_1.jpg,1
twigma/images/1572670134308990977_1.jpg,1
twigma/images/1601209541366251521_1.jpg,1
twigma/images/1580785487412723713_1.jpg,1
twigma/images/1582066947403153408_1.jpg,1
twigma/images/1519735388348186624_1.jpg,1
twigma/images/1586410638133583872_3.jpg,1
twigma/images/1570127311751761927_3.jpg,1
twigma/images/1510090141754396673_4.jpg,1
twigma/images/1602988268299390976_1.jpg,1
twigma/images/1600602499391623199_1.jpg,1
twigma/images/1570499593577824257_1.jpg,1
twigma/images/1600794958407270401_1.jpg,1
twigma/images/1580876125835698176_1.jpg,1
twigma/images/1576782663486033925_1.jpg,1
twigma/images/1607331935877238784_3.jpg,1
twigma/images/1585892914017628160_1.jpg,1
twigma/images/1585891006033141764_1.jpg,1
twigma/images/1586743446647218178_1.jpg,1
twigma/images/1596714363611537408_1.jpg,1
twigma/images/1581949431359815681_1.jpg,1
twigma/images/1566833546836205568_1.jpg,1
twigma/images/1584588548002709506_1.jpg,1
twigma/images/1582484763075817475_1.jpg,1
twigma/images/1575713755136425985_1.jpg,1
twigma/images/1601562134978011136_2.jpg,1
twigma/images/1446875686514401288_1.jpg,1
twigma/images/1575414011402850304_1.jpg,1
twigma/images/1608527028289945600_1.jpg,1
twigma/images/1499783588434305025_1.jpg,1
twigma/images/1557267413095354368_4.jpg,1
twigma/images/1576681936051134464_1.jpg,1
twigma/images/1581457064152293377_1.jpg,1
twigma/images/1572237837742837763_1.jpg,1
twigma/images/1530171903700353025_1.jpg,1
twigma/images/1606099783613038597_1.jpg,1
twigma/images/1587123974592413696_1.jpg,1
twigma/images/1570606974332731397_1.jpg,1
twigma/images/1583641946261553152_1.jpg,1
twigma/images/1527395087012986886_2.jpg,1
twigma/images/1550969792319787009_1.jpg,1
twigma/images/1605675490509029376_1.jpg,1
twigma/images/1604477816627556352_1.jpg,1
twigma/images/1585777861482668032_1.jpg,1
twigma/images/1499192144606736388_2.jpg,1
twigma/images/1513968226945937421_1.jpg,1
twigma/images/1577065637603483648_3.jpg,1
twigma/images/1604044189049950209_1.jpg,1
twigma/images/1581144154569990150_4.jpg,1
twigma/images/1575334225204711424_3.jpg,1
twigma/images/1574747416808529920_1.jpg,1
twigma/images/1566036786991624192_1.jpg,1
twigma/images/1585624560510042113_1.jpg,1
twigma/images/1577314891760910337_1.jpg,1
twigma/images/1585968451524636672_4.jpg,1
twigma/images/1586047554575556609_1.jpg,1
twigma/images/1602430351905001472_1.jpg,1
twigma/images/1583070013199552512_1.jpg,1
twigma/images/1588267390936428544_1.jpg,1
twigma/images/1525466618083434496_2.jpg,1
twigma/images/1584776107945074689_1.jpg,1
twigma/images/1582435111735529472_1.jpg,1
twigma/images/1582585564603518976_1.jpg,1
twigma/images/1582757622750400512_1.jpg,1
twigma/images/1559943639069036549_1.jpg,1
twigma/images/1565404850124296193_1.jpg,1
twigma/images/1601614457053925377_1.jpg,1
twigma/images/1601613443840507905_1.jpg,1
twigma/images/1575848188438667265_1.jpg,1
twigma/images/1559798695612526592_1.jpg,1
twigma/images/1574394041071915008_4.jpg,1
twigma/images/1562093512127942656_2.jpg,1
twigma/images/1599862410126712832_1.jpg,1
twigma/images/1489871739962245120_1.jpg,1
twigma/images/1583476451608707072_1.jpg,1
twigma/images/1515688530508492806_2.jpg,1
twigma/images/1584179594340335616_1.jpg,1
twigma/images/1528803187892682752_1.jpg,1
twigma/images/1603869152338386944_2.jpg,1
twigma/images/1574844044139761679_1.jpg,1
twigma/images/1571253305929793537_1.jpg,1
twigma/images/1579521985662844928_1.jpg,1
twigma/images/1586034770236022787_1.jpg,1
twigma/images/1580371608358617088_1.jpg,1
twigma/images/1575656026312876032_2.jpg,1
twigma/images/1579443695895592960_1.jpg,1
twigma/images/1602031871138807808_1.jpg,1
twigma/images/1585279438140456961_1.jpg,1
twigma/images/1572026877602299904_1.jpg,1
twigma/images/1568395024144146432_1.jpg,1
twigma/images/1564028969787203585_1.jpg,1
twigma/images/1575320149472808960_1.jpg,1
twigma/images/1602428583053389825_1.jpg,1
twigma/images/1603611521694584833_2.jpg,1
twigma/images/1556279290580312064_3.jpg,1
twigma/images/1582460624868868096_4.jpg,1
twigma/images/1582462468387115009_1.jpg,1
twigma/images/1565727997037973506_1.jpg,1
twigma/images/1604673496021630976_1.jpg,1
twigma/images/1524489109582102529_1.jpg,1
twigma/images/1563819953534672897_1.jpg,1
twigma/images/1574019591348666369_1.jpg,1
twigma/images/1573896630717231106_1.jpg,1
twigma/images/1608285923153776641_1.jpg,1
twigma/images/1557080334977695745_1.jpg,1
twigma/images/1601761078543024128_2.jpg,1
twigma/images/1586628659854868480_2.jpg,1
twigma/images/1584648240578035712_1.jpg,1
twigma/images/1560509206247411712_4.jpg,1
twigma/images/1606443857440575488_1.jpg,1
twigma/images/1566836309804683264_1.jpg,1
twigma/images/1573028442680922113_2.jpg,1
twigma/images/1464056810386575362_1.jpg,1
twigma/images/1577744055722819600_1.jpg,1
twigma/images/1509392424153538560_2.jpg,1
twigma/images/1568299489911504897_1.jpg,1
twigma/images/1558139957121728512_1.jpg,1
twigma/images/1436860921473732608_1.jpg,1
twigma/images/1602799483623989248_1.jpg,1
twigma/images/1601761394315108352_1.jpg,1
twigma/images/1608819274914869251_1.jpg,1
twigma/images/1574375771069726730_1.jpg,1
twigma/images/1562383166542938113_1.jpg,1
twigma/images/1563513530149908481_1.jpg,1
twigma/images/1583446756347494401_1.jpg,1
twigma/images/1572151471784992768_1.jpg,1
twigma/images/1600651957013651457_1.jpg,1
twigma/images/1565813729870094339_4.jpg,1
twigma/images/1599709356316323840_1.jpg,1
twigma/images/1475491350946754569_2.jpg,1
twigma/images/1568420564498522112_2.jpg,1
twigma/images/1569435655591333888_1.jpg,1
twigma/images/1583640933265903616_1.jpg,1
twigma/images/1586038649640075265_2.jpg,1
twigma/images/1568639475810553858_2.jpg,1
twigma/images/1581571791319085056_1.jpg,1
twigma/images/1513208791516520461_1.jpg,1
twigma/images/1576465748372836352_4.jpg,1
twigma/images/1580942298262933504_1.jpg,1
twigma/images/1586315261443190785_1.jpg,1
twigma/images/1567874825493876742_1.jpg,1
twigma/images/1583485546357092359_1.jpg,1
twigma/images/1569761640484315138_2.jpg,1
twigma/images/1525984813743755266_1.jpg,1
twigma/images/1599526459235659776_1.jpg,1
twigma/images/1441721356823908358_1.jpg,1
twigma/images/1591892864010690560_1.jpg,1
twigma/images/1604243490807828480_1.jpg,1
twigma/images/1569525582832013313_4.png,1
twigma/images/1601307414451453952_2.jpg,1
twigma/images/1565604688896045056_1.jpg,1
twigma/images/1566103122291867648_3.jpg,1
twigma/images/1599938215158329344_4.jpg,1
twigma/images/1586778619547774976_1.jpg,1
twigma/images/1519060050588798977_1.jpg,1
twigma/images/1581423356729233408_3.jpg,1
twigma/images/1606771704256086016_1.jpg,1
twigma/images/1584603054606675968_1.jpg,1
twigma/images/1581466619364413440_1.jpg,1
twigma/images/1580880930063155200_1.jpg,1
twigma/images/1562147117014999040_1.jpg,1
twigma/images/1604237819072770048_1.jpg,1
twigma/images/1507867130229755904_2.jpg,1
twigma/images/1442340883437735936_2.jpg,1
twigma/images/1585818287610499074_1.jpg,1
twigma/images/1498511428910731270_1.jpg,1
twigma/images/1558986274002063361_1.jpg,1
twigma/images/1597605480632836099_1.jpg,1
twigma/images/1506934858848874498_1.jpg,1
twigma/images/1489668104107876355_3.jpg,1
twigma/images/1563958090453630976_1.jpg,1
twigma/images/1506039706387107844_1.jpg,1
twigma/images/1607864554477731840_4.jpg,1
twigma/images/1608418292640911362_1.jpg,1
twigma/images/1603825571733045257_1.jpg,1
twigma/images/1585367611050758146_1.jpg,1
twigma/images/1600499636275396613_2.jpg,1
twigma/images/1608040884184186881_1.jpg,1
twigma/images/1604410389567078400_1.jpg,1
twigma/images/1608340685555367937_1.jpg,1
twigma/images/1585891520263118849_1.jpg,1
twigma/images/1578833401695461377_1.jpg,1
twigma/images/1475866797106675713_1.jpg,1
twigma/images/1560781893519699968_2.jpg,1
twigma/images/1601296883070439424_1.jpg,1
twigma/images/1557074315782373376_2.jpg,1
twigma/images/1581003308289826817_1.jpg,1
twigma/images/1565175455501754371_1.jpg,1
twigma/images/1579071838717546496_1.jpg,1
twigma/images/1581638887826370560_1.jpg,1
twigma/images/1586933954904465408_1.jpg,1
twigma/images/1580872420961161221_4.jpg,1
twigma/images/1605202689184649218_1.jpg,1
twigma/images/1518688224453005312_4.jpg,1
twigma/images/1567682194604269570_1.jpg,1
twigma/images/1566425217379057665_1.jpg,1
twigma/images/1574360832368148482_1.jpg,1
twigma/images/1575715773330300928_1.jpg,1
twigma/images/1575590864411193344_2.jpg,1
twigma/images/1600846329181347840_4.jpg,1
twigma/images/1561418906857639936_2.jpg,1
twigma/images/1608113768344719360_1.jpg,1
twigma/images/1497811411178643456_1.jpg,1
twigma/images/1574411266596245505_1.jpg,1
twigma/images/1575221327090585600_1.jpg,1
twigma/images/1513338625056034825_1.jpg,1
twigma/images/1567539282520195072_2.jpg,1
twigma/images/1578544019830808576_1.jpg,1
twigma/images/1601685799736840193_1.jpg,1
twigma/images/1580313691509358592_1.jpg,1
twigma/images/1601516428703584256_3.jpg,1
twigma/images/1575745893894000640_1.jpg,1
twigma/images/1556327769902120961_1.jpg,1
twigma/images/1583642914269585409_1.jpg,1
twigma/images/1604052418815205376_1.jpg,1
twigma/images/1563709626608406533_1.jpg,1
twigma/images/1573046688775692288_1.jpg,1
twigma/images/1604164449635487744_1.jpg,1
twigma/images/1579549211972239360_2.jpg,1
twigma/images/1607967697496858624_1.jpg,1
twigma/images/1593142522406002688_1.jpg,1
twigma/images/1593744055900536832_1.jpg,1
twigma/images/1580250085073428480_1.jpg,1
twigma/images/1584232782473007104_1.jpg,1
twigma/images/1583376279838937088_1.jpg,1
twigma/images/1570900185731174400_4.jpg,1
twigma/images/1585538666935484418_1.jpg,1
twigma/images/1601480511179792385_1.jpg,1
twigma/images/1577195176317321216_2.jpg,1
twigma/images/1565102027318992897_4.jpg,1
twigma/images/1586231866641743872_1.jpg,1
twigma/images/1563483558030675968_1.jpg,1
twigma/images/1603464420780576768_1.jpg,1
twigma/images/1568942267075010560_1.jpg,1
twigma/images/1601358364898099201_1.jpg,1
twigma/images/1603387720365113348_4.jpg,1
twigma/images/1584370927638175747_1.jpg,1
twigma/images/1579093795681234949_1.jpg,1
twigma/images/1585176119363661824_1.jpg,1
twigma/images/1560785674365812739_1.jpg,1
twigma/images/1602977699500552192_1.jpg,1
twigma/images/1585275593339314176_1.jpg,1
twigma/images/1584574486439137283_1.jpg,1
twigma/images/1608893307362414595_1.jpg,1
twigma/images/1498656801906216971_1.jpg,1
twigma/images/1583368496930775041_1.jpg,1
twigma/images/1567322878949072898_2.jpg,1
twigma/images/1600637211426578432_1.jpg,1
twigma/images/1602222502893309954_2.jpg,1
twigma/images/1565737853056868353_1.jpg,1
twigma/images/1606490325249409026_1.jpg,1
twigma/images/1582954662130745344_1.jpg,1
twigma/images/1596966786704244737_3.jpg,1
twigma/images/1585700698750038016_1.jpg,1
twigma/images/1601454645523927040_1.jpg,1
twigma/images/1484664186340843520_1.jpg,1
twigma/images/1607781436198912000_1.jpg,1
twigma/images/1581391991619092480_1.jpg,1
twigma/images/1601833066921885696_1.jpg,1
twigma/images/1603619451504848896_1.jpg,1
twigma/images/1577472877732823040_2.jpg,1
twigma/images/1513894216866443264_2.jpg,1
twigma/images/1582069358720782336_1.jpg,1
twigma/images/1585411562197909504_1.jpg,1
twigma/images/1585154749426708480_1.jpg,1
twigma/images/1478834069244940288_1.jpg,1
twigma/images/1584540603110797312_1.jpg,1
twigma/images/1600594625789628421_3.jpg,1
twigma/images/1573750021018771456_2.jpg,1
twigma/images/1576192202572959744_1.jpg,1
twigma/images/1574768992056639489_1.jpg,1
twigma/images/1585174077207384064_1.jpg,1
twigma/images/1575363087133196288_1.jpg,1
twigma/images/1601975018388234241_1.jpg,1
twigma/images/1598000132254887938_1.jpg,1
twigma/images/1517990749857452032_1.jpg,1
twigma/images/1581197048203735040_1.jpg,1
twigma/images/1577043451085889536_1.jpg,1
twigma/images/1568027429561839616_2.jpg,1
twigma/images/1586145862563950592_3.jpg,1
twigma/images/1604470999382097922_1.jpg,1
twigma/images/1556266928293150726_1.jpg,1
twigma/images/1600708203792465920_1.jpg,1
twigma/images/1569578885251235841_1.jpg,1
twigma/images/1560042685834076162_1.jpg,1
twigma/images/1608537046146248704_1.jpg,1
twigma/images/1603390315494268929_1.jpg,1
twigma/images/1565841733513928705_1.jpg,1
twigma/images/1608512868600938498_1.jpg,1
twigma/images/1575381380502011904_1.jpg,1
twigma/images/1584159989215608832_3.jpg,1
twigma/images/1583429545147142144_1.jpg,1
twigma/images/1608141912980000776_1.jpg,1
twigma/images/1585632647891816449_1.jpg,1
twigma/images/1501536279485628416_1.jpg,1
twigma/images/1586951812476989440_1.jpg,1
twigma/images/1584832135344562178_1.jpg,1
twigma/images/1583091786477862912_1.jpg,1
twigma/images/1582799450761662464_1.jpg,1
twigma/images/1585129062544154624_1.jpg,1
twigma/images/1583187736772497409_1.jpg,1
twigma/images/1571131790747922433_1.jpg,1
twigma/images/1585886422682472448_3.jpg,1
twigma/images/1584919755705679876_1.jpg,1
twigma/images/1584522776081502209_1.jpg,1
twigma/images/1582520445844480000_1.jpg,1
twigma/images/1572273432456499207_3.jpg,1
twigma/images/1578117828472774658_1.jpg,1
twigma/images/1581468210284531712_1.jpg,1
twigma/images/1570120578576617472_1.jpg,1
twigma/images/1602432061712875522_2.jpg,1
twigma/images/1586973301024653317_1.jpg,1
twigma/images/1602088843364036608_1.jpg,1
twigma/images/1580148368554463234_1.jpg,1
twigma/images/1495292122617966596_1.jpg,1
twigma/images/1443038255977418756_1.jpg,1
twigma/images/1599688012103024642_1.jpg,1
twigma/images/1581691729924993024_1.jpg,1
twigma/images/1601704715863326720_1.jpg,1
twigma/images/1583142669177344000_3.jpg,1
twigma/images/1601562002249617408_1.jpg,1
twigma/images/1584575547526377474_1.jpg,1
twigma/images/1585416955858542592_1.jpg,1
twigma/images/1606006202009235456_1.jpg,1
twigma/images/1604114523925155840_1.jpg,1
twigma/images/1601091792937832448_1.jpg,1
twigma/images/1577781932032950272_3.jpg,1
twigma/images/1496051018697789448_2.jpg,1
twigma/images/1585833353390989312_1.jpg,1
twigma/images/1490656930850816006_1.jpg,1
twigma/images/1501912115241758722_1.jpg,1
twigma/images/1571545940137222144_2.jpg,1
twigma/images/1603798009136877568_1.jpg,1
twigma/images/1599301891506462720_3.jpg,1
twigma/images/1515137725141336064_1.jpg,1
twigma/images/1580460471945433089_1.jpg,1
twigma/images/1576184682097815553_1.jpg,1
twigma/images/1578949140989739008_1.jpg,1
twigma/images/1441401738066468871_4.jpg,1
twigma/images/1466510084738097153_1.jpg,1
twigma/images/1521809894655262722_1.jpg,1
twigma/images/1601277945058037761_2.jpg,1
twigma/images/1581869540069191680_1.jpg,1
twigma/images/1574446950262398981_1.jpg,1
twigma/images/1565052109250514944_1.jpg,1
twigma/images/1600447870045503490_1.jpg,1
twigma/images/1505333600870445068_1.jpg,1
twigma/images/1608267324116828162_1.jpg,1
twigma/images/1579963992294195203_2.jpg,1
twigma/images/1599917781352583168_1.jpg,1
twigma/images/1531476350111993859_1.jpg,1
twigma/images/1608418380066992128_1.jpg,1
twigma/images/1585127399121121280_1.jpg,1
twigma/images/1567459939219656704_3.jpg,1
twigma/images/1587102861040689153_3.jpg,1
twigma/images/1451690306412240898_1.jpg,1
twigma/images/1519533192587395074_1.jpg,1
twigma/images/1585532139088580608_1.jpg,1
twigma/images/1608517071016722433_1.jpg,1
twigma/images/1500785851378372614_1.jpg,1
twigma/images/1602399336574222336_1.jpg,1
twigma/images/1470445916620353536_1.jpg,1
twigma/images/1603459806051897357_1.jpg,1
twigma/images/1573315741612670977_1.jpg,1
twigma/images/1600334254667231232_1.jpg,1
twigma/images/1607292223946895362_1.jpg,1
twigma/images/1608572883844091904_1.jpg,1
twigma/images/1605266989206872064_1.jpg,1
twigma/images/1601227657047220224_1.jpg,1
twigma/images/1577818267086905349_1.jpg,1
twigma/images/1567110509857570821_4.jpg,1
twigma/images/1597363643326533633_1.jpg,1
twigma/images/1581079912303058947_1.jpg,1
twigma/images/1580685104120156160_1.jpg,1
twigma/images/1578363892283088897_1.jpg,1
twigma/images/1601505415732273152_1.jpg,1
twigma/images/1579081052811046912_1.jpg,1
twigma/images/1578065782130483200_2.jpg,1
twigma/images/1580593394770145281_1.jpg,1
twigma/images/1569839594132361218_3.jpg,1
twigma/images/1582792046716198912_3.jpg,1
twigma/images/1563705687519113216_1.jpg,1
twigma/images/1579520426929442817_1.jpg,1
twigma/images/1578843403122462720_1.jpg,1
twigma/images/1605227692369944576_1.jpg,1
twigma/images/1457313632690266113_3.jpg,1
twigma/images/1575083159141683201_1.jpg,1
twigma/images/1582955661612023809_1.jpg,1
twigma/images/1605646268356710400_3.jpg,1
twigma/images/1582974668029693952_1.jpg,1
twigma/images/1574613019505532928_1.jpg,1
twigma/images/1575566342186565640_1.jpg,1
twigma/images/1555639463111450636_4.jpg,1
twigma/images/1574011409083637760_1.jpg,1
twigma/images/1583322375457689600_1.jpg,1
twigma/images/1603818020467802112_2.jpg,1
twigma/images/1546947164118679552_1.jpg,1
twigma/images/1578257007840489472_4.jpg,1
twigma/images/1568270121407242240_1.jpg,1
twigma/images/1585325032892690435_1.jpg,1
twigma/images/1558086168452861952_1.jpg,1
twigma/images/1567801381054021634_1.jpg,1
twigma/images/1567525634372403207_1.jpg,1
twigma/images/1511721435110297610_1.jpg,1
twigma/images/1608472338575630336_1.jpg,1
twigma/images/1584790219613736960_1.jpg,1
twigma/images/1524758540782796800_1.jpg,1
twigma/images/1575869608057180160_1.jpg,1
twigma/images/1578036287185252353_1.jpg,1
twigma/images/1585089030760595457_1.jpg,1
twigma/images/1491693131053555713_1.jpg,1
twigma/images/1582478141309607937_4.jpg,1
twigma/images/1582090088061640704_1.jpg,1
twigma/images/1579476397009276928_3.jpg,1
twigma/images/1585270039053213699_1.jpg,1
twigma/images/1562234850714603521_1.jpg,1
twigma/images/1587171059542941697_1.jpg,1
twigma/images/1567184625188864001_1.jpg,1
twigma/images/1601133231503396864_1.jpg,1
twigma/images/1587347836844359680_4.jpg,1
twigma/images/1567789821560594434_1.jpg,1
twigma/images/1604983115952586753_1.jpg,1
twigma/images/1575804919474290688_1.jpg,1
twigma/images/1584549418636042241_3.jpg,1
twigma/images/1600814954403483651_1.jpg,1
twigma/images/1584444085011550209_1.jpg,1
twigma/images/1580197162293596160_1.jpg,1
twigma/images/1575425917979181057_1.jpg,1
twigma/images/1604615303761117184_2.jpg,1
twigma/images/1586899037109616640_1.jpg,1
twigma/images/1500552053302734851_1.jpg,1
twigma/images/1581724095967727616_1.jpg,1
twigma/images/1571582579932860416_1.jpg,1
twigma/images/1606538309894815744_2.jpg,1
twigma/images/1563667905061031938_1.jpg,1
twigma/images/1582936003953586176_1.jpg,1
twigma/images/1566077317159469063_1.jpg,1
twigma/images/1606478564894904330_1.jpg,1
twigma/images/1608966791463854080_1.jpg,1
twigma/images/1558090071126990848_1.jpg,1
twigma/images/1562856078810816512_1.jpg,1
twigma/images/1504178875672117257_1.jpg,1
twigma/images/1592786417318785024_4.jpg,1
twigma/images/1570470344405975045_4.jpg,1
twigma/images/1580470875291209728_1.jpg,1
twigma/images/1495347491893616645_2.jpg,1
twigma/images/1601539268710920193_2.jpg,1
twigma/images/1583859412266950658_1.jpg,1
twigma/images/1568033567992602624_1.jpg,1
twigma/images/1576409599783370756_2.jpg,1
twigma/images/1579030817812410368_1.jpg,1
twigma/images/1583117227238170626_1.jpg,1
twigma/images/1606975872317136896_1.jpg,1
twigma/images/1571992292625453056_1.jpg,1
twigma/images/1567500462504427520_4.jpg,1
twigma/images/1607420490636746752_1.jpg,1
twigma/images/1512096461823307777_1.jpg,1
twigma/images/1575653994009047040_1.jpg,1
twigma/images/1600524410728742912_1.jpg,1
twigma/images/1604905653889376260_1.jpg,1
twigma/images/1565793031600672768_2.jpg,1
twigma/images/1576290482195689473_1.jpg,1
twigma/images/1585694288209670144_1.jpg,1
twigma/images/1512097013378166788_3.jpg,1
twigma/images/1602915273048481793_1.jpg,1
twigma/images/1601612763625033730_1.jpg,1
twigma/images/1582202645753708545_3.jpg,1
twigma/images/1568027429561839616_3.jpg,1
twigma/images/1582525623192281089_1.jpg,1
twigma/images/1567769045369225216_1.jpg,1
twigma/images/1594311567939866624_1.jpg,1
twigma/images/1587076561009778688_1.jpg,1
twigma/images/1574761117016104960_2.jpg,1
twigma/images/1575026466596626434_1.jpg,1
twigma/images/1568671411421552642_4.jpg,1
twigma/images/1600527645283799045_1.jpg,1
twigma/images/1547745657523294209_4.jpg,1
twigma/images/1600189808898285568_1.jpg,1
twigma/images/1585870975886712832_2.jpg,1
twigma/images/1560304106673250308_2.jpg,1
twigma/images/1576985607183949824_1.jpg,1
twigma/images/1600975814535049216_1.jpg,1
twigma/images/1603924059842121728_2.jpg,1
twigma/images/1585344075468886018_1.jpg,1
twigma/images/1599940490262347776_4.jpg,1
twigma/images/1514606986943361032_4.jpg,1
twigma/images/1582852007282384896_1.jpg,1
twigma/images/1604236252588417024_1.jpg,1
twigma/images/1586786118296834049_3.jpg,1
twigma/images/1603002050383695874_1.jpg,1
twigma/images/1568167033011044352_1.jpg,1
twigma/images/1578380130950516742_2.jpg,1
twigma/images/1606280359796084736_1.jpg,1
twigma/images/1587215594113441795_1.jpg,1
twigma/images/1525638635202088961_3.jpg,1
twigma/images/1600559329660538880_1.jpg,1
twigma/images/1526163078231908352_1.jpg,1
twigma/images/1585110269272813568_2.jpg,1
twigma/images/1567401482823110657_2.jpg,1
twigma/images/1583404725201838081_1.jpg,1
twigma/images/1576290036131119105_1.jpg,1
twigma/images/1557399021978673152_1.jpg,1
twigma/images/1578852570910818304_1.jpg,1
twigma/images/1576280786822569985_1.jpg,1
twigma/images/1586572220725309441_1.jpg,1
twigma/images/1582304577595981824_1.jpg,1
twigma/images/1570158941384081408_1.jpg,1
twigma/images/1494477807807877122_1.jpg,1
twigma/images/1575430172219678720_1.jpg,1
twigma/images/1582909645953576960_1.jpg,1
twigma/images/1606384414006644748_2.jpg,1
twigma/images/1599518401294057473_1.jpg,1
twigma/images/1571100466318118912_3.jpg,1
twigma/images/1455968015972016131_3.jpg,1
twigma/images/1575281268920446976_3.jpg,1
twigma/images/1523526593376751617_1.jpg,1
twigma/images/1578291349001949185_1.jpg,1
twigma/images/1490128962009407490_1.jpg,1
twigma/images/1559302016236752898_1.jpg,1
twigma/images/1607890260201181184_1.jpg,1
twigma/images/1603818020467802112_3.jpg,1
twigma/images/1588493048631418880_1.jpg,1
twigma/images/1576625059505926145_1.jpg,1
twigma/images/1578352603796217857_1.jpg,1
twigma/images/1579157313990320128_1.jpg,1
twigma/images/1586298926415564801_3.jpg,1
twigma/images/1607448741249687553_1.jpg,1
twigma/images/1572234994352799744_1.jpg,1
twigma/images/1568889303476097027_1.jpg,1
twigma/images/1580646483812286469_1.jpg,1
twigma/images/1583885148562817028_1.jpg,1
twigma/images/1599983681250398209_2.jpg,1
twigma/images/1603857501488676864_1.jpg,1
twigma/images/1576682047019458561_1.jpg,1
twigma/images/1579898516268527616_1.jpg,1
twigma/images/1599858899829592066_1.jpg,1
twigma/images/1575823671037693953_1.jpg,1
twigma/images/1579475646660882435_3.jpg,1
twigma/images/1608344994083135493_1.jpg,1
twigma/images/1579906331792019457_1.jpg,1
twigma/images/1514636469524058112_1.jpg,1
twigma/images/1577058230219730944_1.jpg,1
twigma/images/1582327044423045120_1.jpg,1
twigma/images/1604236765765697537_1.jpg,1
twigma/images/1572642774314549249_1.jpg,1
twigma/images/1580619860052037632_1.jpg,1
twigma/images/1601361146132725760_1.jpg,1
twigma/images/1586929195485204480_3.jpg,1
twigma/images/1582221270245994496_1.jpg,1
twigma/images/1576556097543888897_1.jpg,1
twigma/images/1584648115738808321_1.jpg,1
twigma/images/1581389680716619776_1.jpg,1
twigma/images/1601990851965685760_3.jpg,1
twigma/images/1604900036172779524_1.jpg,1
twigma/images/1573095162401767424_1.jpg,1
twigma/images/1556817723157463040_1.jpg,1
twigma/images/1569559768163041280_2.jpg,1
twigma/images/1561035580703514629_1.jpg,1
twigma/images/1498749559060766726_1.jpg,1
twigma/images/1603456947122053120_1.jpg,1
twigma/images/1602499759662854145_1.jpg,1
twigma/images/1584159857850007552_2.jpg,1
twigma/images/1607111311871315968_1.jpg,1
twigma/images/1572011894294351874_1.jpg,1
twigma/images/1526581099585056768_2.jpg,1
twigma/images/1574154686432616448_1.jpg,1
twigma/images/1578806960404635649_4.jpg,1
twigma/images/1586832230176940032_1.jpg,1
twigma/images/1579858405849989120_2.jpg,1
twigma/images/1528078011005915136_1.jpg,1
twigma/images/1576282081436766208_1.jpg,1
twigma/images/1564403021844320256_1.jpg,1
twigma/images/1588584345517715456_1.jpg,1
twigma/images/1529513147450916865_1.jpg,1
twigma/images/1607838973766029312_1.jpg,1
twigma/images/1605700140311777280_1.jpg,1
twigma/images/1580909789139173376_1.jpg,1
twigma/images/1602676805537783808_4.jpg,1
twigma/images/1602709997699244032_2.jpg,1
twigma/images/1475466422906081282_1.jpg,1
twigma/images/1579091255765905408_1.jpg,1
twigma/images/1597148030171766786_1.jpg,1
twigma/images/1496129687822684171_1.jpg,1
twigma/images/1566636527710396416_1.jpg,1
twigma/images/1604511716225650688_1.jpg,1
twigma/images/1584564396680151047_1.jpg,1
twigma/images/1585743351701127168_1.jpg,1
twigma/images/1585322127623741440_1.jpg,1
twigma/images/1562274503199076352_2.jpg,1
twigma/images/1595445212255592450_1.jpg,1
twigma/images/1585169750333833216_1.jpg,1
twigma/images/1582637371136540672_1.jpg,1
twigma/images/1583960888708460544_2.jpg,1
twigma/images/1577251490036477952_2.jpg,1
twigma/images/1573715309315465216_1.jpg,1
twigma/images/1466795084481921026_1.jpg,1
twigma/images/1575494715377491968_1.jpg,1
twigma/images/1579921301929865217_1.jpg,1
twigma/images/1602015839787646978_3.jpg,1
twigma/images/1579167601011609600_2.jpg,1
twigma/images/1560101251148382211_1.jpg,1
twigma/images/1601209817389240324_1.jpg,1
twigma/images/1603181818672357376_1.jpg,1
twigma/images/1584642733561778176_1.jpg,1
twigma/images/1579119033026514944_1.jpg,1
twigma/images/1575051256699424771_2.jpg,1
twigma/images/1579797555206311936_2.jpg,1
twigma/images/1583131923245076480_1.jpg,1
twigma/images/1505285096097533952_1.jpg,1
twigma/images/1565107999189909505_3.jpg,1
twigma/images/1581116542636675072_1.jpg,1
twigma/images/1575965953711480832_1.jpg,1
twigma/images/1582237710751649792_1.jpg,1
twigma/images/1579056053559660545_1.jpg,1
twigma/images/1603157505676349441_1.jpg,1
twigma/images/1601245703581278208_1.jpg,1
twigma/images/1604902190250070016_1.jpg,1
twigma/images/1581339735397498881_1.jpg,1
twigma/images/1564759675039793152_1.jpg,1
twigma/images/1600797549644091392_1.jpg,1
twigma/images/1604002433809940481_1.jpg,1
twigma/images/1583449646239649793_1.jpg,1
twigma/images/1564819283141869568_1.jpg,1
twigma/images/1583324579665088512_1.jpg,1
twigma/images/1585967875881373696_1.jpg,1
twigma/images/1584934363841658882_1.jpg,1
twigma/images/1519448102599639040_1.jpg,1
twigma/images/1603312732379430914_4.jpg,1
twigma/images/1573004249214390273_1.jpg,1
twigma/images/1580389943414661120_4.jpg,1
twigma/images/1570985706343768070_1.jpg,1
twigma/images/1583715398041497600_1.jpg,1
twigma/images/1608949309306982401_1.jpg,1
twigma/images/1582958583071014914_1.jpg,1
twigma/images/1582526261481459713_2.jpg,1
twigma/images/1513931783036882953_1.jpg,1
twigma/images/1579532220527697920_1.jpg,1
twigma/images/1441913643482947586_3.jpg,1
twigma/images/1566160521371553792_1.jpg,1
twigma/images/1574904295199318037_1.jpg,1
twigma/images/1569746282066968578_1.jpg,1
twigma/images/1587159735412850692_1.jpg,1
twigma/images/1601612188526907392_1.jpg,1
twigma/images/1566934045497634816_1.jpg,1
twigma/images/1435591754376429570_3.jpg,1
twigma/images/1578550473308577792_2.jpg,1
twigma/images/1607461939944493056_1.jpg,1
twigma/images/1601676240330821632_1.jpg,1
twigma/images/1579466608007065601_1.jpg,1
twigma/images/1490301920858316804_1.jpg,1
twigma/images/1565793031600672768_1.jpg,1
twigma/images/1581620392451805185_1.jpg,1
twigma/images/1566908019694239749_1.jpg,1
twigma/images/1585244939440386049_1.jpg,1
twigma/images/1564710042867273730_1.jpg,1
twigma/images/1578023950898319360_3.jpg,1
twigma/images/1600777212935999492_1.jpg,1
twigma/images/1486273421285625861_2.jpg,1
twigma/images/1563285463091544070_2.jpg,1
twigma/images/1581383701228765185_2.jpg,1
twigma/images/1607685030008221697_1.jpg,1
twigma/images/1578345969246085121_4.jpg,1
twigma/images/1575518563137355777_1.jpg,1
twigma/images/1572694170879279105_1.jpg,1
twigma/images/1564346992616144898_1.jpg,1
twigma/images/1604099090463195136_1.jpg,1
twigma/images/1583969377942376450_2.jpg,1
twigma/images/1583070048876343298_2.jpg,1
twigma/images/1608468820641079296_1.jpg,1
twigma/images/1605182018794541056_3.jpg,1
twigma/images/1559094473069568002_1.jpg,1
twigma/images/1566610185254309889_1.jpg,1
twigma/images/1557751314251010048_2.jpg,1
twigma/images/1564387474041966596_2.jpg,1
twigma/images/1585663459962028033_3.jpg,1
twigma/images/1606743304913457152_2.jpg,1
twigma/images/1566781481669668865_4.jpg,1
twigma/images/1566438693157617664_2.jpg,1
twigma/images/1571332999681298432_1.jpg,1
twigma/images/1566080324236451842_1.jpg,1
twigma/images/1582564457758146560_1.jpg,1
twigma/images/1608455337446891522_1.jpg,1
twigma/images/1583183627156090880_1.jpg,1
twigma/images/1579560059994275840_1.jpg,1
twigma/images/1581494598374871042_1.jpg,1
twigma/images/1582066701058744320_1.jpg,1
twigma/images/1568522245416583169_1.jpg,1
twigma/images/1524079092525637632_1.jpg,1
twigma/images/1574588998613602304_2.jpg,1
twigma/images/1607762789187067906_3.jpg,1
twigma/images/1579016080810385409_1.jpg,1
twigma/images/1568793397925666820_1.jpg,1
twigma/images/1603446539287818240_1.jpg,1
twigma/images/1583081601872719872_1.jpg,1
twigma/images/1584066345150271488_1.jpg,1
twigma/images/1572686669052252160_3.jpg,1
twigma/images/1573288606852169729_4.jpg,1
twigma/images/1586405335228612609_1.jpg,1
twigma/images/1601553773351956480_1.jpg,1
twigma/images/1448033031927865346_1.jpg,1
twigma/images/1563542035516207106_1.jpg,1
twigma/images/1586769988593098753_1.jpg,1
twigma/images/1579010630186434560_3.jpg,1
twigma/images/1578212853160427520_4.jpg,1
twigma/images/1580784831763742721_1.jpg,1
twigma/images/1579236056502743041_1.jpg,1
twigma/images/1472213841475870724_1.jpg,1
twigma/images/1584652156917121024_1.jpg,1
twigma/images/1584133650102505473_1.jpg,1
twigma/images/1575638289255895040_2.jpg,1
twigma/images/1583690076714045441_2.jpg,1
twigma/images/1604702789405270017_2.jpg,1
twigma/images/1606956949404270592_1.jpg,1
twigma/images/1577616109905362947_1.jpg,1
twigma/images/1578970235377700867_1.jpg,1
twigma/images/1554133650354094082_1.jpg,1
twigma/images/1531003894419046400_1.jpg,1
twigma/images/1564895474796187649_1.jpg,1
twigma/images/1559146778267508736_1.png,1
twigma/images/1586931039150252034_2.jpg,1
twigma/images/1445137903659585542_2.jpg,1
twigma/images/1583025997183848448_1.jpg,1
twigma/images/1566112584616628224_1.jpg,1
twigma/images/1561950046437969925_1.jpg,1
twigma/images/1603818578494488583_1.jpg,1
twigma/images/1598396967364792322_1.jpg,1
twigma/images/1582944701040103425_1.jpg,1
twigma/images/1589263154810605569_3.jpg,1
twigma/images/1480277698907979778_3.jpg,1
twigma/images/1556622771794624515_1.jpg,1
twigma/images/1560801344465911808_2.jpg,1
twigma/images/1586066286555107329_1.jpg,1
twigma/images/1577094747058974722_1.jpg,1
twigma/images/1582069767128879104_4.jpg,1
twigma/images/1596853177558913024_1.jpg,1
twigma/images/1585316449047805952_1.jpg,1
twigma/images/1585305965976375300_1.jpg,1
twigma/images/1558301470050615297_2.jpg,1
twigma/images/1602059061758918657_1.jpg,1
twigma/images/1509939161993781249_1.jpg,1
twigma/images/1557641121299419137_4.jpg,1
twigma/images/1573771016664391686_3.jpg,1
twigma/images/1566373003180384256_1.jpg,1
twigma/images/1572455081622241281_1.jpg,1
twigma/images/1586578901081370624_1.jpg,1
twigma/images/1606768933620654080_1.jpg,1
twigma/images/1587347836844359680_3.jpg,1
twigma/images/1590079421947744257_3.jpg,1
twigma/images/1581223127031615495_1.jpg,1
twigma/images/1603751453486718976_1.jpg,1
twigma/images/1468576436806057987_2.jpg,1
twigma/images/1580056164221571074_3.jpg,1
twigma/images/1580460576530386944_1.jpg,1
twigma/images/1576667540730048512_1.jpg,1
twigma/images/1586669203926487041_2.jpg,1
twigma/images/1583029805553156096_1.jpg,1
twigma/images/1580834660841533440_4.jpg,1
twigma/images/1584925499712630784_3.jpg,1
twigma/images/1574589662995300360_4.jpg,1
twigma/images/1523037004455645184_1.jpg,1
twigma/images/1498918359542337537_2.jpg,1
twigma/images/1563348691729412097_1.jpg,1
twigma/images/1585156292355981313_4.jpg,1
twigma/images/1579044619735937024_1.jpg,1
twigma/images/1602897681424211969_1.jpg,1
twigma/images/1604320433729306624_1.jpg,1
twigma/images/1590668092048146432_1.jpg,1
twigma/images/1601515443532988417_1.jpg,1
twigma/images/1572026877602299904_2.jpg,1
twigma/images/1581391290671202305_1.jpg,1
twigma/images/1601712602064637953_2.jpg,1
twigma/images/1593512920100372481_1.jpg,1
twigma/images/1528129734089101312_1.jpg,1
twigma/images/1549714337706770432_1.jpg,1
twigma/images/1499137856593297410_1.jpg,1
twigma/images/1586495943276482563_1.jpg,1
twigma/images/1583332843710996480_1.jpg,1
twigma/images/1601589506708471810_1.jpg,1
twigma/images/1599756321263427584_1.jpg,1
twigma/images/1607589968481746945_3.jpg,1
twigma/images/1512879434826670083_3.jpg,1
twigma/images/1569295207975505925_1.jpg,1
twigma/images/1600976002246938624_1.jpg,1
twigma/images/1571082349609353216_1.jpg,1
twigma/images/1575885564292866048_4.jpg,1
twigma/images/1449269100505493508_3.jpg,1
twigma/images/1581543260182712325_1.jpg,1
twigma/images/1578311165884538880_1.jpg,1
twigma/images/1582144439018868736_1.jpg,1
twigma/images/1582005946049781761_1.jpg,1
twigma/images/1513328772862328832_2.jpg,1
twigma/images/1569989482195156993_3.jpg,1
twigma/images/1598603968447291393_3.jpg,1
twigma/images/1608189090192580615_1.jpg,1
twigma/images/1497817416641892353_2.jpg,1
twigma/images/1607786407208132611_2.jpg,1
twigma/images/1586026408135913474_1.jpg,1
twigma/images/1605215605770125312_1.jpg,1
twigma/images/1506163308826669059_2.jpg,1
twigma/images/1528778954085216258_1.jpg,1
twigma/images/1571867430447894528_4.jpg,1
twigma/images/1563802865734676483_1.jpg,1
twigma/images/1605785016705093632_1.jpg,1
twigma/images/1602304435274792961_3.jpg,1
twigma/images/1578908501120028673_3.jpg,1
twigma/images/1575812292549439492_1.jpg,1
twigma/images/1585726873052491776_1.jpg,1
twigma/images/1601761439571931136_1.jpg,1
twigma/images/1566849043887804416_1.jpg,1
twigma/images/1585560386220310528_1.jpg,1
twigma/images/1507749720487305219_1.jpg,1
twigma/images/1575157670906138625_1.jpg,1
twigma/images/1572059304387018754_1.jpg,1
twigma/images/1604597002041528322_1.jpg,1
twigma/images/1568877714769313792_2.jpg,1
twigma/images/1604215225665961990_2.jpg,1
twigma/images/1572026588518125570_2.jpg,1
twigma/images/1513893442094616590_4.jpg,1
twigma/images/1583265259573612545_2.jpg,1
twigma/images/1606597766251220993_1.jpg,1
twigma/images/1581274213096181760_2.jpg,1
twigma/images/1602726652647276547_1.jpg,1
twigma/images/1568482417933193217_1.jpg,1
twigma/images/1568895487591477254_1.jpg,1
twigma/images/1553788913331965952_1.jpg,1
twigma/images/1585297491939192832_1.jpg,1
twigma/images/1586033814312214529_1.jpg,1
twigma/images/1582333880031334400_1.jpg,1
twigma/images/1503707303694020617_1.jpg,1
twigma/images/1603924059842121728_1.jpg,1
twigma/images/1582131790424461312_1.jpg,1
twigma/images/1573750021018771456_1.jpg,1
twigma/images/1575689148320530432_1.jpg,1
twigma/images/1579521060860727296_4.jpg,1
twigma/images/1600870581255262210_1.jpg,1
twigma/images/1601612936988217344_1.jpg,1
twigma/images/1580051798684884994_1.jpg,1
twigma/images/1516089624619270151_2.jpg,1
twigma/images/1570210603913838592_1.jpg,1
twigma/images/1606009822339600386_1.jpg,1
twigma/images/1564084292795645952_1.jpg,1
twigma/images/1566006748624072704_2.jpg,1
twigma/images/1495193147462324224_2.jpg,1
twigma/images/1607793846141820934_1.jpg,1
twigma/images/1565929653851734018_1.jpg,1
twigma/images/1571908283212115971_1.jpg,1
twigma/images/1571452957715038208_1.jpg,1
twigma/images/1604234955067777024_1.jpg,1
twigma/images/1564634419784290306_1.jpg,1
twigma/images/1504802755021578250_2.jpg,1
twigma/images/1602205839535865857_1.jpg,1
twigma/images/1584805697916899328_3.jpg,1
twigma/images/1608572883844091904_2.jpg,1
twigma/images/1569811913441423361_1.jpg,1
twigma/images/1567423428738830341_1.jpg,1
twigma/images/1440945418993557507_4.jpg,1
twigma/images/1580973046537809920_1.jpg,1
twigma/images/1441401738066468871_2.jpg,1
twigma/images/1603666666944364545_1.jpg,1
twigma/images/1436110252567629835_2.jpg,1
twigma/images/1600579228130574336_2.jpg,1
twigma/images/1565564260855517184_1.jpg,1
twigma/images/1575842830962266113_1.jpg,1
twigma/images/1600611808871587842_1.jpg,1
twigma/images/1505894357689421829_1.jpg,1
twigma/images/1584479924672684034_1.jpg,1
twigma/images/1600560415427002369_1.jpg,1
twigma/images/1473886003853209603_2.jpg,1
twigma/images/1584518023331086336_1.jpg,1
twigma/images/1585632762241118211_1.jpg,1
twigma/images/1569971685868113921_4.jpg,1
twigma/images/1575530575699771392_1.jpg,1
twigma/images/1582808492041068544_1.jpg,1
twigma/images/1565263196054851589_1.jpg,1
twigma/images/1566559803677212674_3.jpg,1
twigma/images/1576303412618047488_2.jpg,1
twigma/images/1581642359615684609_1.jpg,1
twigma/images/1528602597124296705_3.jpg,1
twigma/images/1604826505418534913_1.jpg,1
twigma/images/1496453834448805891_1.jpg,1
twigma/images/1563802865734676483_2.jpg,1
twigma/images/1568670687908319234_1.jpg,1
twigma/images/1583075584900358145_1.jpg,1
twigma/images/1599461338535038976_3.jpg,1
twigma/images/1588975035493994496_1.jpg,1
twigma/images/1603035117433364485_1.jpg,1
twigma/images/1564025802039115779_1.jpg,1
twigma/images/1605144728848273408_1.jpg,1
twigma/images/1588931648741064706_1.jpg,1
twigma/images/1498918359542337537_4.jpg,1
twigma/images/1563864652546809859_1.jpg,1
twigma/images/1596966124570411009_3.jpg,1
twigma/images/1607746103138467841_1.jpg,1
twigma/images/1567731119407366144_1.jpg,1
twigma/images/1587170395878301696_1.jpg,1
twigma/images/1578378029725786113_4.jpg,1
twigma/images/1586975273244917761_1.jpg,1
twigma/images/1571521394185207810_2.jpg,1
twigma/images/1588545608951791617_1.jpg,1
twigma/images/1602590444088872960_1.jpg,1
twigma/images/1583137625677828104_1.jpg,1
twigma/images/1549197384684605442_1.jpg,1
twigma/images/1566898808809836549_1.jpg,1
twigma/images/1575326255255326720_2.jpg,1
twigma/images/1579303541708988416_1.jpg,1
twigma/images/1563370066200363011_1.jpg,1
twigma/images/1583020238588633088_1.jpg,1
twigma/images/1604245683883560960_1.jpg,1
twigma/images/1557350525422604288_1.jpg,1
twigma/images/1606750726109249536_1.jpg,1
twigma/images/1600262162064080896_1.jpg,1
twigma/images/1563065658627149824_2.jpg,1
twigma/images/1572309921160646656_4.jpg,1
twigma/images/1581934130513973249_1.jpg,1
twigma/images/1602128596453449729_1.jpg,1
twigma/images/1575675406253842434_1.jpg,1
twigma/images/1584409674686038016_1.jpg,1
twigma/images/1602447456435847168_1.jpg,1
twigma/images/1581775428385091585_1.jpg,1
twigma/images/1504796691127541772_1.jpg,1
twigma/images/1604648678429425666_1.jpg,1
twigma/images/1581602361264308229_1.jpg,1
twigma/images/1602117880165806080_1.jpg,1
twigma/images/1578858527728492544_1.jpg,1
twigma/images/1584294271116783618_2.jpg,1
twigma/images/1581867899538780160_1.jpg,1
twigma/images/1562091417018802176_3.jpg,1
twigma/images/1518688224453005312_2.jpg,1
twigma/images/1580911802338066432_2.jpg,1
twigma/images/1570798726092066818_1.jpg,1
twigma/images/1603615908781363201_4.jpg,1
twigma/images/1607443770894880770_4.jpg,1
twigma/images/1606715345632317440_1.jpg,1
twigma/images/1585003858719543298_1.jpg,1
twigma/images/1608348363677892608_1.jpg,1
twigma/images/1582550464465637378_1.jpg,1
twigma/images/1558668652177772544_1.jpg,1
twigma/images/1580055813955067904_1.jpg,1
twigma/images/1580287369097641985_4.jpg,1
twigma/images/1560528563304005632_1.jpg,1
twigma/images/1582312720996499457_1.jpg,1
twigma/images/1500368786024992770_3.jpg,1
twigma/images/1563992948492083200_2.jpg,1
twigma/images/1605379488296366080_4.jpg,1
twigma/images/1570790857397379074_4.jpg,1
twigma/images/1581987213935804417_1.jpg,1
twigma/images/1608725610314227715_1.jpg,1
twigma/images/1590644234507685888_1.jpg,1
twigma/images/1599158065089028096_3.jpg,1
twigma/images/1605850413164634113_1.jpg,1
twigma/images/1575413456806809601_3.jpg,1
twigma/images/1567958808739323907_1.jpg,1
twigma/images/1566528974766874625_2.jpg,1
twigma/images/1579853564738170880_1.jpg,1
twigma/images/1600837813817294848_2.jpg,1
twigma/images/1567573402734526464_3.jpg,1
twigma/images/1569589273669652480_3.jpg,1
twigma/images/1573890129399533568_1.jpg,1
twigma/images/1601611621448978433_1.jpg,1
twigma/images/1575026645605310464_1.jpg,1
twigma/images/1600829402023342081_2.jpg,1
twigma/images/1566878093880750080_1.jpg,1
twigma/images/1603493820586266625_3.jpg,1
twigma/images/1581273381655416835_1.jpg,1
twigma/images/1604214385945489409_2.jpg,1
twigma/images/1582508636093366272_1.jpg,1
twigma/images/1569317637410422787_1.jpg,1
twigma/images/1563225819975012355_1.jpg,1
twigma/images/1586354998224748544_2.jpg,1
twigma/images/1566520522892091393_4.jpg,1
twigma/images/1601611495430684672_1.jpg,1
twigma/images/1601475698832834560_1.jpg,1
twigma/images/1570478493091393537_2.jpg,1
twigma/images/1605772371352178689_1.jpg,1
twigma/images/1585742175727456259_1.jpg,1
twigma/images/1571481537601851392_1.jpg,1
twigma/images/1608210815647113218_1.jpg,1
twigma/images/1436039210063081477_3.jpg,1
twigma/images/1601268689088618497_1.jpg,1
twigma/images/1583325658775957504_1.jpg,1
twigma/images/1517980258590412800_4.jpg,1
twigma/images/1603424512074211329_1.jpg,1
twigma/images/1581391582925770752_1.jpg,1
twigma/images/1569728031807406080_1.jpg,1
twigma/images/1574787512597417986_1.jpg,1
twigma/images/1599568948345069568_1.jpg,1
twigma/images/1573108338233163777_1.jpg,1
twigma/images/1608213006852177920_1.jpg,1
twigma/images/1578347352900902912_1.jpg,1
twigma/images/1604235638575874049_1.jpg,1
twigma/images/1591830190874836994_1.jpg,1
twigma/images/1572682588984049665_1.jpg,1
twigma/images/1504486202556096526_1.jpg,1
twigma/images/1578605747092570112_1.jpg,1
twigma/images/1585885299074367489_1.jpg,1
twigma/images/1585830648643612672_2.jpg,1
twigma/images/1601267309246832640_4.jpg,1
twigma/images/1574356759124115456_2.jpg,1
twigma/images/1601428475318919168_1.jpg,1
twigma/images/1558734729070972929_1.jpg,1
twigma/images/1569532775291850752_1.jpg,1
twigma/images/1601483142069555200_1.jpg,1
twigma/images/1530305659400495104_1.jpg,1
twigma/images/1581394537754537984_1.jpg,1
twigma/images/1531305558086590464_1.jpg,1
twigma/images/1495780389993988104_1.jpg,1
twigma/images/1578438510259961862_1.jpg,1
twigma/images/1599181582677336070_1.jpg,1
twigma/images/1580115731789684736_1.jpg,1
twigma/images/1562740258856284162_1.jpg,1
twigma/images/1580454262185742336_1.jpg,1
twigma/images/1607562531152723974_1.jpg,1
twigma/images/1607660004139749377_2.jpg,1
twigma/images/1498122820869570563_1.jpg,1
twigma/images/1562953210343886849_1.jpg,1
twigma/images/1599445046184448003_1.jpg,1
twigma/images/1577871242639675393_1.jpg,1
twigma/images/1582842035345985536_1.jpg,1
twigma/images/1604912819526402050_1.jpg,1
twigma/images/1513500300040187905_1.jpg,1
twigma/images/1608300800778080256_3.jpg,1
twigma/images/1513338540108791808_2.jpg,1
twigma/images/1583011034784157696_1.jpg,1
twigma/images/1435429881370710020_1.jpg,1
twigma/images/1505250587272794117_1.jpg,1
twigma/images/1505159196026839040_3.jpg,1
twigma/images/1578082766192877573_1.jpg,1
twigma/images/1580614639104061440_2.jpg,1
twigma/images/1494723275812864001_1.jpg,1
twigma/images/1576296956007133185_1.jpg,1
twigma/images/1580203476055126018_1.jpg,1
twigma/images/1602985325403537415_1.jpg,1
twigma/images/1557450381092954116_2.jpg,1
twigma/images/1607407433860939776_2.jpg,1
twigma/images/1569574058227900416_1.jpg,1
twigma/images/1606744656523710464_3.jpg,1
twigma/images/1569608094321106944_1.jpg,1
twigma/images/1578500502798491651_1.jpg,1
twigma/images/1582729957150642176_1.jpg,1
twigma/images/1578891154095235072_1.jpg,1
twigma/images/1480088052844285952_1.jpg,1
twigma/images/1605933606152466432_1.jpg,1
twigma/images/1597662842194341888_1.jpg,1
twigma/images/1565826219257368576_3.jpg,1
twigma/images/1606592023561179141_1.jpg,1
twigma/images/1566731939377164288_1.jpg,1
twigma/images/1586324044751806465_3.jpg,1
twigma/images/1509973669593817089_1.jpg,1
twigma/images/1497653690831802369_3.jpg,1
twigma/images/1601091792937832448_2.jpg,1
twigma/images/1578834230649712640_1.jpg,1
twigma/images/1580622025709604864_1.jpg,1
twigma/images/1584083501632344065_1.jpg,1
twigma/images/1600240119365398529_2.jpg,1
twigma/images/1585413914606522368_1.jpg,1
twigma/images/1579274657114775553_1.jpg,1
twigma/images/1585298924918558722_1.jpg,1
twigma/images/1587018899098419201_1.jpg,1
twigma/images/1574318376716972032_1.jpg,1
twigma/images/1570347205730660354_2.jpg,1
twigma/images/1582295467479949317_1.jpg,1
twigma/images/1520851169102471171_2.jpg,1
twigma/images/1599389632294264832_1.jpg,1
twigma/images/1583455832628338689_1.jpg,1
twigma/images/1573994268393459714_2.jpg,1
twigma/images/1568076389697585153_1.jpg,1
twigma/images/1578382615563862021_1.jpg,1
twigma/images/1601530709297876992_1.jpg,1
twigma/images/1608358247580291077_1.jpg,1
twigma/images/1583375027176902656_1.jpg,1
twigma/images/1573753106701000704_3.jpg,1
twigma/images/1585290707534843904_1.jpg,1
twigma/images/1603620415007608832_1.jpg,1
twigma/images/1586264914133401601_1.jpg,1
twigma/images/1607807330615451649_1.jpg,1
twigma/images/1571912567257268224_1.jpg,1
twigma/images/1581291956075839490_1.jpg,1
twigma/images/1600563803912929280_3.jpg,1
twigma/images/1520828663620673536_4.jpg,1
twigma/images/1581380205720924161_1.jpg,1
twigma/images/1488540159171866626_1.jpg,1
twigma/images/1578543571715903488_1.jpg,1
twigma/images/1512586901500407818_2.jpg,1
twigma/images/1583769167647232001_1.jpg,1
twigma/images/1506520827520552965_1.jpg,1
twigma/images/1585729876832550913_1.jpg,1
twigma/images/1582659205672054784_1.jpg,1
twigma/images/1603436829008662530_1.jpg,1
twigma/images/1603088322502557697_1.jpg,1
twigma/images/1575110780709613569_1.jpg,1
twigma/images/1557804328240431104_1.jpg,1
twigma/images/1575026634129694720_1.jpg,1
twigma/images/1584537063961284608_1.jpg,1
twigma/images/1555733643561164805_1.jpg,1
twigma/images/1599467811566489600_1.jpg,1
twigma/images/1599401889803554816_1.jpg,1
twigma/images/1582571882561216512_1.jpg,1
twigma/images/1600973636881600533_2.jpg,1
twigma/images/1582860193251364865_1.jpg,1
twigma/images/1579046640622575616_1.jpg,1
twigma/images/1585227230740889600_1.jpg,1
twigma/images/1562975652671733761_1.jpg,1
twigma/images/1582309486995263489_1.jpg,1
twigma/images/1604884539427459074_1.jpg,1
twigma/images/1574048752838508545_1.jpg,1
twigma/images/1585299254482194432_1.jpg,1
twigma/images/1569476852737085442_1.jpg,1
twigma/images/1513712917430120450_2.jpg,1
twigma/images/1605670971762958343_1.jpg,1
twigma/images/1581408115341557763_1.jpg,1
twigma/images/1572477109146193920_1.jpg,1
twigma/images/1605059340398100481_1.jpg,1
twigma/images/1579081052811046912_2.jpg,1
twigma/images/1586690948544823297_1.jpg,1
twigma/images/1566239292984369152_1.jpg,1
twigma/images/1580214240748531713_1.jpg,1
twigma/images/1604171469793406976_1.jpg,1
twigma/images/1562698579739054080_4.jpg,1
twigma/images/1583527430194860032_1.jpg,1
twigma/images/1582475803920506880_1.jpg,1
twigma/images/1565785219805769728_1.jpg,1
twigma/images/1562457192187305985_2.jpg,1
twigma/images/1579488656599158784_1.jpg,1
twigma/images/1574496611358720015_1.jpg,1
twigma/images/1514771292313948164_1.jpg,1
twigma/images/1603278408842186752_1.jpg,1
twigma/images/1560254923631218690_4.jpg,1
twigma/images/1598843835852804097_3.jpg,1
twigma/images/1604236656256729089_1.jpg,1
twigma/images/1607047614507417600_4.jpg,1
twigma/images/1587008027957383170_1.jpg,1
twigma/images/1586074288292929537_2.jpg,1
twigma/images/1601893242408259585_4.jpg,1
twigma/images/1569821430761529346_1.jpg,1
twigma/images/1568218145395200000_1.jpg,1
twigma/images/1511387045440143364_3.jpg,1
twigma/images/1454763068139835393_1.jpg,1
twigma/images/1579945845176537088_1.jpg,1
twigma/images/1575221697317199872_3.jpg,1
twigma/images/1603340647557386240_1.jpg,1
twigma/images/1500818624151527424_1.jpg,1
twigma/images/1604928511084441600_2.jpg,1
twigma/images/1565791530257989634_4.jpg,1
twigma/images/1602028514445856769_2.jpg,1
twigma/images/1586786127624736772_2.jpg,1
twigma/images/1580016236792262656_1.jpg,1
twigma/images/1602188042709585922_1.jpg,1
twigma/images/1600705246594011136_1.jpg,1
twigma/images/1531390007486861313_1.jpg,1
twigma/images/1564978378746331136_2.jpg,1
twigma/images/1581301323215302657_1.jpg,1
twigma/images/1571222520547663875_1.jpg,1
twigma/images/1577406627459702785_1.jpg,1
twigma/images/1605317875392299008_1.jpg,1
twigma/images/1530825566026207233_3.jpg,1
twigma/images/1573907452177059841_4.jpg,1
twigma/images/1564608503326523398_4.jpg,1
twigma/images/1582970416930336770_1.jpg,1
twigma/images/1599802550252732416_1.jpg,1
twigma/images/1593232419754500096_1.jpg,1
twigma/images/1563530471140499456_4.jpg,1
twigma/images/1584128062706561024_1.jpg,1
twigma/images/1495529720972300290_4.jpg,1
twigma/images/1606275902618439681_1.jpg,1
twigma/images/1565602556638035968_3.jpg,1
twigma/images/1586786145999982593_3.jpg,1
twigma/images/1604624849183424512_1.jpg,1
twigma/images/1586640589277347840_1.jpg,1
twigma/images/1578710884909580288_2.jpg,1
twigma/images/1586778222766825472_1.jpg,1
twigma/images/1600296550831640576_1.jpg,1
twigma/images/1582999714513186816_1.jpg,1
twigma/images/1560030326709174273_1.jpg,1
twigma/images/1571063694150496258_4.jpg,1
twigma/images/1575257522314919937_1.jpg,1
twigma/images/1580439254684995584_4.jpg,1
twigma/images/1605024937948971008_1.jpg,1
twigma/images/1606669699244490752_1.jpg,1
twigma/images/1563629220546445314_2.jpg,1
twigma/images/1514838621072855042_1.jpg,1
twigma/images/1606744648944619520_1.jpg,1
twigma/images/1599736003371335680_1.jpg,1
twigma/images/1580241389409161216_1.jpg,1
twigma/images/1586149282989498369_1.jpg,1
twigma/images/1601348935162818560_3.jpg,1
twigma/images/1601819569387368449_1.jpg,1
twigma/images/1570480375402733568_1.jpg,1
twigma/images/1606754233281384455_4.jpg,1
twigma/images/1571278479924109313_2.jpg,1
twigma/images/1583536157283221504_1.jpg,1
twigma/images/1572773221556187137_1.jpg,1
twigma/images/1585039549440434176_1.jpg,1
twigma/images/1608724044169506816_4.jpg,1
twigma/images/1562546181766791171_1.jpg,1
twigma/images/1604237880141946881_1.jpg,1
twigma/images/1581205967026675712_3.jpg,1
twigma/images/1601282552291282946_1.jpg,1
twigma/images/1575877798689787904_1.jpg,1
twigma/images/1583550269820108800_1.jpg,1
twigma/images/1593032824214663168_1.jpg,1
twigma/images/1566839596129845249_1.jpg,1
twigma/images/1606268542197735425_4.jpg,1
twigma/images/1608329353594798083_2.jpg,1
twigma/images/1586819097026863104_3.jpg,1
twigma/images/1605748651590299648_1.jpg,1
twigma/images/1507317120400457729_1.jpg,1
twigma/images/1586398837895499776_1.jpg,1
twigma/images/1575929199428239366_1.jpg,1
twigma/images/1556394076827619328_1.jpg,1
twigma/images/1564459222850768901_2.jpg,1
twigma/images/1582773518176878606_1.jpg,1
twigma/images/1608569934740705286_1.jpg,1
twigma/images/1560228514263187458_3.jpg,1
twigma/images/1601504880212185088_1.jpg,1
twigma/images/1600881042508124160_1.jpg,1
twigma/images/1600513714251173889_1.jpg,1
twigma/images/1584493521792557058_1.jpg,1
twigma/images/1605503027053441024_1.jpg,1
twigma/images/1583543891432611840_1.jpg,1
twigma/images/1585658220839927810_3.jpg,1
twigma/images/1557983527895007233_2.jpg,1
twigma/images/1511502143613775877_2.jpg,1
twigma/images/1575204960119054338_1.jpg,1
twigma/images/1567887029354246145_1.jpg,1
twigma/images/1607336850057842689_1.jpg,1
twigma/images/1574973651187019776_1.jpg,1
twigma/images/1566853342755954688_1.jpg,1
twigma/images/1584179543148924928_2.jpg,1
twigma/images/1587179362549391363_1.jpg,1
twigma/images/1580539865481240577_1.jpg,1
twigma/images/1588409155231981568_1.jpg,1
twigma/images/1525250811235815427_1.jpg,1
twigma/images/1486273421285625861_4.jpg,1
twigma/images/1579009500417527808_2.jpg,1
twigma/images/1571629759746150400_1.jpg,1
twigma/images/1603513872026963968_1.jpg,1
twigma/images/1558810882431365120_2.jpg,1
twigma/images/1580797371289464836_1.jpg,1
twigma/images/1437719198592077826_4.jpg,1
twigma/images/1572948605799104513_1.jpg,1
twigma/images/1521598353062121472_1.jpg,1
twigma/images/1585489966133841920_1.jpg,1
twigma/images/1578419995373367296_1.jpg,1
twigma/images/1570357231828221954_1.jpg,1
twigma/images/1583367337994227713_1.jpg,1
twigma/images/1575676862797225986_1.jpg,1
twigma/images/1584585966458929152_1.jpg,1
twigma/images/1584150019728285697_1.jpg,1
twigma/images/1603370594782875648_1.jpg,1
twigma/images/1564730125136044032_1.jpg,1
twigma/images/1568650979251294216_2.jpg,1
twigma/images/1569431623162073088_1.jpg,1
twigma/images/1584299130972618753_1.jpg,1
twigma/images/1580094411869863936_1.jpg,1
twigma/images/1581784026008129537_1.jpg,1
twigma/images/1585782506384941056_1.jpg,1
twigma/images/1573702145681022979_1.jpg,1
twigma/images/1567245565691404289_4.jpg,1
twigma/images/1583868669527920641_1.jpg,1
twigma/images/1570808194691375105_1.jpg,1
twigma/images/1604248225896357888_1.jpg,1
twigma/images/1607076891462189056_1.jpg,1
twigma/images/1584032573935652864_1.jpg,1
twigma/images/1498456647139737602_3.jpg,1
twigma/images/1573067866563149824_4.jpg,1
twigma/images/1594475481348595713_1.jpg,1
twigma/images/1584975507896274946_1.jpg,1
twigma/images/1572469467057389568_4.jpg,1
twigma/images/1581101544724135936_1.jpg,1
twigma/images/1558128698183794694_1.jpg,1
twigma/images/1582665649545175040_1.jpg,1
twigma/images/1574589668699652096_1.jpg,1
twigma/images/1562766923808784386_1.jpg,1
twigma/images/1584447829652619264_1.jpg,1
twigma/images/1571230697066463233_1.jpg,1
twigma/images/1578367901404483584_1.jpg,1
twigma/images/1594431065200156673_1.jpg,1
twigma/images/1606686906670006277_1.jpg,1
twigma/images/1572939480746831873_1.jpg,1
twigma/images/1585351095588515841_1.jpg,1
twigma/images/1583093291897466887_3.jpg,1
twigma/images/1528656119601692673_2.jpg,1
twigma/images/1599499383321800704_1.jpg,1
twigma/images/1606208003312582657_1.jpg,1
twigma/images/1572180687750569984_1.jpg,1
twigma/images/1574450758329798665_1.jpg,1
twigma/images/1568930011683459072_1.jpg,1
twigma/images/1603502534760472581_1.jpg,1
twigma/images/1580946345728258048_1.jpg,1
twigma/images/1575888395314008069_1.jpg,1
twigma/images/1527015460998348802_1.jpg,1
twigma/images/1604308834230599682_1.jpg,1
twigma/images/1605903148849065985_1.jpg,1
twigma/images/1600871179811799040_1.jpg,1
twigma/images/1608875175696814087_1.jpg,1
twigma/images/1606564103551696897_1.jpg,1
twigma/images/1592712687393595395_1.jpg,1
twigma/images/1582446915785961473_1.jpg,1
twigma/images/1573520470875508737_2.jpg,1
twigma/images/1565383987761012738_1.jpg,1
twigma/images/1437724143668056065_1.jpg,1
twigma/images/1587125485192060933_1.jpg,1
twigma/images/1600404893482643456_2.jpg,1
twigma/images/1604258496307810304_1.jpg,1
twigma/images/1571981065182674945_1.jpg,1
twigma/images/1508274230307131392_1.jpg,1
twigma/images/1581444714535919616_3.jpg,1
twigma/images/1573017217641467905_1.jpg,1
twigma/images/1565318424292511745_1.jpg,1
twigma/images/1602703181460508674_2.jpg,1
twigma/images/1556845342255202304_3.jpg,1
twigma/images/1606520277038673921_1.jpg,1
twigma/images/1567193399547277312_1.jpg,1
twigma/images/1576936821254021120_2.jpg,1
twigma/images/1604625681085865985_2.jpg,1
twigma/images/1583901708802920448_1.jpg,1
twigma/images/1579244788905562112_1.jpg,1
twigma/images/1571611871165177856_2.jpg,1
twigma/images/1577629069994332165_1.jpg,1
twigma/images/1586010957351895040_3.jpg,1
twigma/images/1578422777526505472_2.jpg,1
twigma/images/1583739838276128770_1.jpg,1
twigma/images/1583651331100659712_1.jpg,1
twigma/images/1607733683305459712_2.jpg,1
twigma/images/1582388793549938688_1.jpg,1
twigma/images/1604492528656723969_1.jpg,1
twigma/images/1583232599585013760_3.jpg,1
twigma/images/1605832227492810753_1.jpg,1
twigma/images/1583719515241607168_1.jpg,1
twigma/images/1583560535689560066_1.jpg,1
twigma/images/1607966710337781760_1.jpg,1
twigma/images/1580538043915972609_1.jpg,1
twigma/images/1509179152188035075_4.jpg,1
twigma/images/1606688595372392448_1.jpg,1
twigma/images/1573245787588497408_1.jpg,1
twigma/images/1582838252376989696_1.jpg,1
twigma/images/1607528561778335745_1.jpg,1
twigma/images/1572119872422936577_1.jpg,1
twigma/images/1576682084315598848_1.jpg,1
twigma/images/1586123142795345926_1.jpg,1
twigma/images/1580294285634641920_1.jpg,1
twigma/images/1470888800335319041_1.jpg,1
twigma/images/1577876345144606721_1.jpg,1
twigma/images/1584988345410912257_1.jpg,1
twigma/images/1581705157666287617_2.jpg,1
twigma/images/1603501907577815041_2.jpg,1
twigma/images/1557325877561753601_2.jpg,1
twigma/images/1601206749993660419_1.jpg,1
twigma/images/1571763467132239873_4.jpg,1
twigma/images/1580176368951734277_1.jpg,1
twigma/images/1579139993829707776_1.jpg,1
twigma/images/1580702667948847104_2.jpg,1
twigma/images/1606415521917845504_1.jpg,1
twigma/images/1581341567171690497_2.jpg,1
twigma/images/1573288606852169729_3.jpg,1
twigma/images/1580673564810055680_1.jpg,1
twigma/images/1587086590345707523_1.jpg,1
twigma/images/1603930697705861121_1.jpg,1
twigma/images/1581057373098999808_1.jpg,1
twigma/images/1580043700574429184_1.jpg,1
twigma/images/1575258881365712896_1.jpg,1
twigma/images/1582939412220215296_1.jpg,1
twigma/images/1580839553551634432_1.jpg,1
twigma/images/1526070502803984386_4.jpg,1
twigma/images/1496940242569367552_1.jpg,1
twigma/images/1603459864818327552_1.jpg,1
twigma/images/1580286577363718144_3.jpg,1
twigma/images/1565300206236745729_1.jpg,1
twigma/images/1607733956799070209_1.jpg,1
twigma/images/1575953122073026560_1.jpg,1
twigma/images/1482904186484404226_1.jpg,1
twigma/images/1564715176850608131_1.jpg,1
twigma/images/1604504037725978629_1.jpg,1
twigma/images/1599198906898092037_1.jpg,1
twigma/images/1582289241903857665_1.jpg,1
twigma/images/1517390237177106433_1.jpg,1
twigma/images/1601063669508767744_1.jpg,1
twigma/images/1608365249765470208_1.jpg,1
twigma/images/1602256441762611206_1.jpg,1
twigma/images/1606717397804752905_1.jpg,1
twigma/images/1563267608472059904_2.jpg,1
twigma/images/1574183672626159617_4.jpg,1
twigma/images/1583927686157983744_1.jpg,1
twigma/images/1557216762344636416_1.jpg,1
twigma/images/1579560059994275840_3.jpg,1
twigma/images/1607221829520986112_1.jpg,1
twigma/images/1523547950018105345_1.jpg,1
twigma/images/1583794666838757377_1.jpg,1
twigma/images/1604447833054142466_1.jpg,1
twigma/images/1581362092891774976_1.jpg,1
twigma/images/1580531026870169601_1.jpg,1
twigma/images/1518541641149259776_1.jpg,1
twigma/images/1529373135463669762_1.jpg,1
twigma/images/1494562988304449536_2.jpg,1
twigma/images/1580485440276418561_2.jpg,1
twigma/images/1529890862326349824_1.jpg,1
twigma/images/1582639990244134913_1.jpg,1
twigma/images/1496861073802428420_1.jpg,1
twigma/images/1586202999126659072_1.jpg,1
twigma/images/1528381357637763073_1.jpg,1
twigma/images/1586601014106505216_1.jpg,1
twigma/images/1573045872056836096_2.jpg,1
twigma/images/1564742842765000705_1.jpg,1
twigma/images/1599106286947164160_1.jpg,1
twigma/images/1570142476484378624_2.jpg,1
twigma/images/1586298731657412614_1.jpg,1
twigma/images/1604194809761173506_1.jpg,1
twigma/images/1568041028246175744_1.jpg,1
twigma/images/1572109906580217856_1.jpg,1
twigma/images/1580785755408183296_1.jpg,1
twigma/images/1586635110111186946_1.jpg,1
twigma/images/1582139604882575361_1.jpg,1
twigma/images/1575877596893442048_1.jpg,1
twigma/images/1584649671657803776_1.jpg,1
twigma/images/1604237717910470658_1.jpg,1
twigma/images/1608552714962862083_1.jpg,1
twigma/images/1607055707710574593_1.jpg,1
twigma/images/1499542522317656066_1.jpg,1
twigma/images/1577736898172395522_1.jpg,1
twigma/images/1601613237082292224_1.jpg,1
twigma/images/1584438922268270592_1.jpg,1
twigma/images/1601036856690446336_1.jpg,1
twigma/images/1504402793594904576_1.jpg,1
twigma/images/1603158058133524480_2.jpg,1
twigma/images/1608916628900810753_1.jpg,1
twigma/images/1563091745453137920_1.jpg,1
twigma/images/1578438802560802817_1.jpg,1
twigma/images/1572112200868974593_1.jpg,1
twigma/images/1583095697947168768_1.jpg,1
twigma/images/1569515386097528832_2.jpg,1
twigma/images/1530854607458549760_1.jpg,1
twigma/images/1603565966046023681_1.jpg,1
twigma/images/1563864250673676294_1.jpg,1
twigma/images/1580348291698417665_1.jpg,1
twigma/images/1576359864552431616_1.jpg,1
twigma/images/1558586969948569607_1.jpg,1
twigma/images/1574341385817202689_1.jpg,1
twigma/images/1601971405339660288_4.jpg,1
twigma/images/1608356670186590211_1.jpg,1
twigma/images/1582280108450099200_2.jpg,1
twigma/images/1582488441014878208_1.jpg,1
twigma/images/1557614218089603074_2.jpg,1
twigma/images/1603297995138777089_1.jpg,1
twigma/images/1502041608874708993_1.jpg,1
twigma/images/1567327154064474112_1.jpg,1
twigma/images/1573889110783270912_1.jpg,1
twigma/images/1513714620741083137_2.jpg,1
twigma/images/1584714946646097920_1.jpg,1
twigma/images/1573930302589657089_1.jpg,1
twigma/images/1605392633647751168_1.jpg,1
twigma/images/1604204643579371520_3.jpg,1
twigma/images/1594382858034245632_1.jpg,1
twigma/images/1475554230966628354_1.jpg,1
twigma/images/1584775187416977408_1.jpg,1
twigma/images/1601310558799667203_1.jpg,1
twigma/images/1606064705205780481_4.jpg,1
twigma/images/1507862739812642817_3.jpg,1
twigma/images/1581517791894437888_1.jpg,1
twigma/images/1585416458309599232_1.jpg,1
twigma/images/1599746710363934723_1.jpg,1
twigma/images/1507823984028823556_1.jpg,1
twigma/images/1602978232948645888_2.jpg,1
twigma/images/1602696825949020162_1.jpg,1
twigma/images/1600603506012000291_1.jpg,1
twigma/images/1586782397311639554_3.jpg,1
twigma/images/1472710903858483200_2.jpg,1
twigma/images/1576963618112823296_1.jpg,1
twigma/images/1604248983664107520_1.jpg,1
twigma/images/1583232599585013760_4.jpg,1
twigma/images/1579997421769310209_1.jpg,1
twigma/images/1565522056774668289_1.jpg,1
twigma/images/1567270923023048706_4.jpg,1
twigma/images/1494665137315270664_3.jpg,1
twigma/images/1570142476484378624_4.jpg,1
twigma/images/1583334040261734400_1.jpg,1
twigma/images/1435641108369973249_2.jpg,1
twigma/images/1567763663808827392_1.jpg,1
twigma/images/1576580662282579969_1.jpg,1
twigma/images/1606314972933398528_1.jpg,1
twigma/images/1565450277745983492_1.jpg,1
twigma/images/1586252867911966720_1.jpg,1
twigma/images/1586344636917874692_1.jpg,1
twigma/images/1495894379806052353_1.jpg,1
twigma/images/1567428111779889153_1.jpg,1
twigma/images/1606767830434828290_1.jpg,1
twigma/images/1588839791755403267_1.jpg,1
twigma/images/1606090638298079237_1.jpg,1
twigma/images/1584902260135497733_2.jpg,1
twigma/images/1529420687504461824_1.jpg,1
twigma/images/1606610048566071297_1.jpg,1
twigma/images/1578437726134710272_3.jpg,1
twigma/images/1582565539309764608_1.jpg,1
twigma/images/1584103375968227329_1.jpg,1
twigma/images/1491143833039798272_4.jpg,1
twigma/images/1571014650120245248_1.jpg,1
twigma/images/1607434917977427968_1.jpg,1
twigma/images/1606407052242427931_1.jpg,1
twigma/images/1602723474988044293_1.jpg,1
twigma/images/1604112378559598592_1.jpg,1
twigma/images/1600200422026682369_1.jpg,1
twigma/images/1602072120024043520_2.jpg,1
twigma/images/1583157372587212801_1.jpg,1
twigma/images/1584099294378070022_1.jpg,1
twigma/images/1607918749910196226_2.jpg,1
twigma/images/1586744740627759105_1.jpg,1
twigma/images/1584879158823645188_4.jpg,1
twigma/images/1608865531616178176_2.jpg,1
twigma/images/1475947659584286729_1.jpg,1
twigma/images/1586818350637785095_1.jpg,1
twigma/images/1439980204752097281_2.jpg,1
twigma/images/1607017887549763584_1.jpg,1
twigma/images/1607577875204706304_1.jpg,1
twigma/images/1505246301545381888_3.jpg,1
twigma/images/1572502571125964801_3.jpg,1
twigma/images/1580615740914552833_1.jpg,1
twigma/images/1569103374682824704_1.jpg,1
twigma/images/1581977654877511680_2.jpg,1
twigma/images/1603316677722120192_1.jpg,1
twigma/images/1585822548335349760_1.jpg,1
twigma/images/1606015594062614559_1.jpg,1
twigma/images/1575723561796661248_3.jpg,1
twigma/images/1483834955071381508_1.jpg,1
twigma/images/1502789256422563841_1.jpg,1
twigma/images/1584628858803757056_1.jpg,1
twigma/images/1579685613036441605_1.jpg,1
twigma/images/1557819095755542528_1.jpg,1
twigma/images/1583642182170574848_1.jpg,1
twigma/images/1491982797287968775_1.jpg,1
twigma/images/1608063828654456833_1.jpg,1
twigma/images/1585208482319540224_1.jpg,1
twigma/images/1583638553481064448_1.jpg,1
twigma/images/1606880738695319552_1.jpg,1
twigma/images/1573873713853898752_1.jpg,1
twigma/images/1603044944201097216_3.jpg,1
twigma/images/1493282421776789507_1.jpg,1
twigma/images/1563466824460935168_1.jpg,1
twigma/images/1607572031461294080_1.jpg,1
twigma/images/1517315988773031938_1.jpg,1
twigma/images/1578939361164685312_2.jpg,1
twigma/images/1583890174080995328_1.jpg,1
twigma/images/1562712300003684357_1.jpg,1
twigma/images/1586673925160845312_1.jpg,1
twigma/images/1583184801774727169_2.jpg,1
twigma/images/1601637802533220352_1.jpg,1
twigma/images/1584130349931450368_1.jpg,1
twigma/images/1575234654088593439_1.jpg,1
twigma/images/1567346416753729537_2.jpg,1
twigma/images/1555237156532142080_1.jpg,1
twigma/images/1587074707400138754_1.jpg,1
twigma/images/1579886319379308544_1.jpg,1
twigma/images/1566485902083465218_4.jpg,1
twigma/images/1582761590042296325_1.jpg,1
twigma/images/1583717813289504768_1.jpg,1
twigma/images/1605182018794541056_2.jpg,1
twigma/images/1580708033184747521_4.jpg,1
twigma/images/1580872420961161221_2.jpg,1
twigma/images/1584077206686662656_1.jpg,1
twigma/images/1508112378000551942_1.jpg,1
twigma/images/1567499872411975683_1.jpg,1
twigma/images/1560254923631218690_3.jpg,1
twigma/images/1601615100917723137_1.jpg,1
twigma/images/1527658184823164929_1.jpg,1
twigma/images/1573897141105590273_1.jpg,1
twigma/images/1587138854460563460_1.jpg,1
twigma/images/1582668305881772033_1.jpg,1
twigma/images/1567270290832367617_1.jpg,1
twigma/images/1515700126412595205_3.jpg,1
twigma/images/1495292122617966596_4.jpg,1
twigma/images/1569816907653554177_1.jpg,1
twigma/images/1582070017059086336_1.jpg,1
twigma/images/1605888401324085248_1.jpg,1
twigma/images/1531704204284289026_1.jpg,1
twigma/images/1566846843530932225_1.jpg,1
twigma/images/1477095386825248769_3.jpg,1
twigma/images/1567315955285458947_2.jpg,1
twigma/images/1483195059478618116_1.jpg,1
twigma/images/1595117268962508800_1.jpg,1
twigma/images/1574774736441196544_1.jpg,1
twigma/images/1500142485922000896_1.jpg,1
twigma/images/1585173915181416448_1.jpg,1
twigma/images/1607929708389470208_2.jpg,1
twigma/images/1577638603999657987_2.jpg,1
twigma/images/1574716769134075904_1.jpg,1
twigma/images/1607296905209421825_1.jpg,1
twigma/images/1572753304551038982_1.jpg,1
twigma/images/1571040836682682368_2.jpg,1
twigma/images/1527580254965051395_1.jpg,1
twigma/images/1586338409898991618_2.jpg,1
twigma/images/1504075934541881345_1.jpg,1
twigma/images/1565041299803209738_3.jpg,1
twigma/images/1584917578845224962_4.jpg,1
twigma/images/1600616086461976577_1.jpg,1
twigma/images/1584400540674314240_1.jpg,1
twigma/images/1586217005241184256_1.jpg,1
twigma/images/1571646361480888321_1.jpg,1
twigma/images/1606860284160876544_1.jpg,1
twigma/images/1582261813936168960_1.jpg,1
twigma/images/1606245177957396480_1.jpg,1
twigma/images/1602032869005746177_1.jpg,1
twigma/images/1514606986943361032_2.jpg,1
twigma/images/1606668486595551232_2.jpg,1
twigma/images/1582829839798923264_1.jpg,1
twigma/images/1584368711632556033_1.jpg,1
twigma/images/1599251485753192451_1.jpg,1
twigma/images/1607324138057637888_1.jpg,1
twigma/images/1497363709093687296_1.jpg,1
twigma/images/1579707271914717186_1.jpg,1
twigma/images/1579515208544194560_1.jpg,1
twigma/images/1566570911435997184_4.jpg,1
twigma/images/1575471554254749698_1.jpg,1
twigma/images/1577823355687915520_1.jpg,1
twigma/images/1602266890923016192_1.jpg,1
twigma/images/1576423161704329219_2.jpg,1
twigma/images/1580302212701753344_4.jpg,1
twigma/images/1560228514263187458_2.jpg,1
twigma/images/1574761117016104960_4.jpg,1
twigma/images/1584650379354341377_1.jpg,1
twigma/images/1580890185403101186_1.jpg,1
twigma/images/1585340873570648078_1.jpg,1
twigma/images/1601517016648765440_1.jpg,1
twigma/images/1574130934193979392_3.jpg,1
twigma/images/1580786353851502592_1.jpg,1
twigma/images/1575695920376991744_1.jpg,1
twigma/images/1608417546104963072_1.jpg,1
twigma/images/1574194069487566848_1.jpg,1
twigma/images/1582450944188391425_1.jpg,1
twigma/images/1530763027829514240_4.jpg,1
twigma/images/1607549827008679936_1.jpg,1
twigma/images/1602371993822793728_1.jpg,1
twigma/images/1601211155308953600_1.jpg,1
twigma/images/1578557069854412800_1.jpg,1
twigma/images/1603556214360739841_1.jpg,1
twigma/images/1566154472258244613_1.jpg,1
twigma/images/1564614703799619586_1.jpg,1
twigma/images/1578854981658382336_1.jpg,1
twigma/images/1602229520051806209_1.jpg,1
twigma/images/1503412212009881600_2.jpg,1
twigma/images/1581597598049521664_1.jpg,1
twigma/images/1577491804588580866_3.jpg,1
twigma/images/1575516294010605570_1.jpg,1
twigma/images/1580462472292552706_1.jpg,1
twigma/images/1514605971720458254_4.jpg,1
twigma/images/1604803783304876033_1.jpg,1
twigma/images/1576625760089305089_1.jpg,1
twigma/images/1604103172057976833_1.jpg,1
twigma/images/1572630405492121600_3.jpg,1
twigma/images/1570150562003562496_1.jpg,1
twigma/images/1584316342114881537_1.jpg,1
twigma/images/1582186401843466240_1.jpg,1
twigma/images/1490253934585421824_1.jpg,1
twigma/images/1503681807014842371_1.jpg,1
twigma/images/1557213168740573189_1.jpg,1
twigma/images/1600195963104395264_1.jpg,1
twigma/images/1580236911943090184_1.jpg,1
twigma/images/1525516205917806592_1.jpg,1
twigma/images/1567786479589666816_1.jpg,1
twigma/images/1580025736161030144_1.jpg,1
twigma/images/1605476236184018947_1.jpg,1
twigma/images/1437726605904859139_1.jpg,1
twigma/images/1563433206681985025_2.jpg,1
twigma/images/1584078856121552900_1.jpg,1
twigma/images/1584341460505178112_1.jpg,1
twigma/images/1565129231402688514_1.jpg,1
twigma/images/1568323419246034945_1.jpg,1
twigma/images/1606439512002813955_1.jpg,1
twigma/images/1582563328936751104_1.jpg,1
twigma/images/1574416192583761920_2.jpg,1
twigma/images/1564757998911766528_1.jpg,1
twigma/images/1559340193605455872_1.jpg,1
twigma/images/1557973334830219264_1.jpg,1
twigma/images/1581965577937383424_1.jpg,1
twigma/images/1561367063213445120_3.jpg,1
twigma/images/1556264186811932673_1.jpg,1
twigma/images/1606633002880368640_1.jpg,1
twigma/images/1584647598022934529_1.jpg,1
twigma/images/1507393327922139142_1.jpg,1
twigma/images/1571865574720020483_3.jpg,1
twigma/images/1503987069051355138_1.jpg,1
twigma/images/1601515247390658562_1.jpg,1
twigma/images/1587120457916071937_1.jpg,1
twigma/images/1580895625063071744_1.jpg,1
twigma/images/1576517811668516864_1.jpg,1
twigma/images/1434715841015189507_1.jpg,1
twigma/images/1581038784342548481_1.jpg,1
twigma/images/1565138399325229056_1.jpg,1
twigma/images/1606523282257285121_4.jpg,1
twigma/images/1561900231205310465_3.jpg,1
twigma/images/1566175177016152064_1.jpg,1
twigma/images/1570373723643072513_1.jpg,1
twigma/images/1574321510264623105_1.jpg,1
twigma/images/1529089079299649539_1.jpg,1
twigma/images/1607762789187067906_4.jpg,1
twigma/images/1470535867466862594_1.jpg,1
twigma/images/1584449956538372096_1.jpg,1
twigma/images/1576276580284108800_1.jpg,1
twigma/images/1578248593068392454_1.jpg,1
twigma/images/1607567216391626754_1.jpg,1
twigma/images/1591864940574433280_1.jpg,1
twigma/images/1583173845707808768_1.jpg,1
twigma/images/1567991357092012032_1.jpg,1
twigma/images/1603671962827489281_1.jpg,1
twigma/images/1575583695490129939_1.jpg,1
twigma/images/1581900020726452224_1.jpg,1
twigma/images/1568307841026457600_1.jpg,1
twigma/images/1603157641316151296_1.jpg,1
twigma/images/1572312582052253696_2.jpg,1
twigma/images/1576286167061757952_1.jpg,1
twigma/images/1583070146507071490_2.jpg,1
twigma/images/1565042643884994560_3.jpg,1
twigma/images/1482958888412803072_1.jpg,1
twigma/images/1564585529315926019_1.jpg,1
twigma/images/1564970058782326784_1.jpg,1
twigma/images/1578493567114305536_1.jpg,1
twigma/images/1495483528045281282_2.jpg,1
twigma/images/1570619024215769088_1.jpg,1
twigma/images/1583271400642465792_2.jpg,1
twigma/images/1580861878170898433_1.jpg,1
twigma/images/1562100729933795333_2.jpg,1
twigma/images/1600886132119859201_1.jpg,1
twigma/images/1584408552180850689_1.jpg,1
twigma/images/1586668406689890304_1.jpg,1
twigma/images/1608778689088561153_1.jpg,1
twigma/images/1602929765819850753_1.jpg,1
twigma/images/1586785503235346432_2.jpg,1
twigma/images/1582071118391054336_3.jpg,1
twigma/images/1586545834337996800_1.jpg,1
twigma/images/1566016876903383043_3.jpg,1
twigma/images/1564774661010997252_3.jpg,1
twigma/images/1606047725312544768_1.jpg,1
twigma/images/1583642398202429440_1.jpg,1
twigma/images/1495023937725546505_1.jpg,1
twigma/images/1604613508351815680_1.jpg,1
twigma/images/1605379488296366080_2.jpg,1
twigma/images/1602342162800250884_1.jpg,1
twigma/images/1479848307921154050_1.jpg,1
twigma/images/1605607582369865730_1.jpg,1
twigma/images/1607787457260539906_1.jpg,1
twigma/images/1509618564789313540_1.jpg,1
twigma/images/1564010275887386625_1.jpg,1
twigma/images/1603908831616339969_1.jpg,1
twigma/images/1603114596532748288_3.jpg,1
twigma/images/1581270635837542400_4.jpg,1
twigma/images/1586412488878587905_3.jpg,1
twigma/images/1584206091402956801_1.jpg,1
twigma/images/1560743442745278465_1.jpg,1
twigma/images/1504748374653915142_1.jpg,1
twigma/images/1567157106456797185_3.jpg,1
twigma/images/1516031104008044546_1.jpg,1
twigma/images/1582518211089555456_2.jpg,1
twigma/images/1508247340427231234_1.jpg,1
twigma/images/1572627592817135617_1.jpg,1
twigma/images/1579430780128096257_3.jpg,1
twigma/images/1604279715912482816_1.jpg,1
twigma/images/1580089007303577600_1.jpg,1
twigma/images/1575838159144816640_4.jpg,1
twigma/images/1608215944446320640_1.jpg,1
twigma/images/1564222699496505351_1.jpg,1
twigma/images/1585171456454950919_1.jpg,1
twigma/images/1555956937409175552_1.jpg,1
twigma/images/1603673786758451201_1.jpg,1
twigma/images/1579097061441826818_1.jpg,1
twigma/images/1566853661246242816_1.jpg,1
twigma/images/1564761494537080832_1.jpg,1
twigma/images/1579775438167375873_1.jpg,1
twigma/images/1586810242985517056_1.jpg,1
twigma/images/1603528808623394821_1.jpg,1
twigma/images/1571740012047212545_2.jpg,1
twigma/images/1565819841344184321_3.jpg,1
twigma/images/1583740583159660545_1.jpg,1
twigma/images/1581638636487200769_1.jpg,1
twigma/images/1497229439888941059_1.jpg,1
twigma/images/1605271129744089097_1.jpg,1
twigma/images/1582621985598603266_1.jpg,1
twigma/images/1584364067270975488_1.jpg,1
twigma/images/1496512548887277571_1.jpg,1
twigma/images/1607916353314328576_1.jpg,1
twigma/images/1579005177092182016_1.jpg,1
twigma/images/1569267207179505664_1.jpg,1
twigma/images/1574207374964846592_1.jpg,1
twigma/images/1598838760132599808_1.jpg,1
twigma/images/1578402247829954560_4.jpg,1
twigma/images/1572796915984506882_1.jpg,1
twigma/images/1581100593997058048_1.jpg,1
twigma/images/1562635973649141761_1.jpg,1
twigma/images/1576012777096974336_1.jpg,1
twigma/images/1570134134604832770_4.jpg,1
twigma/images/1605389499491663872_1.jpg,1
twigma/images/1606744292499783681_1.jpg,1
twigma/images/1571199933520248835_1.jpg,1
twigma/images/1608518630404153350_3.jpg,1
twigma/images/1607836764713934848_3.jpg,1
twigma/images/1494434685975347211_2.jpg,1
twigma/images/1608409674335895553_1.jpg,1
twigma/images/1496613940398284802_2.jpg,1
twigma/images/1581172058503151616_1.jpg,1
twigma/images/1580376708292542467_1.jpg,1
twigma/images/1514754349091762185_1.jpg,1
twigma/images/1600252764839284737_1.jpg,1
twigma/images/1586862261435498496_2.jpg,1
twigma/images/1607822892649037828_1.jpg,1
twigma/images/1582658425561165824_1.jpg,1
twigma/images/1579937758738464768_1.jpg,1
twigma/images/1496611213484171266_2.jpg,1
twigma/images/1572616799749046272_1.jpg,1
twigma/images/1574140505323192323_2.jpg,1
twigma/images/1581534306601615361_1.jpg,1
twigma/images/1585198975174733829_1.jpg,1
twigma/images/1581950164755156992_1.jpg,1
twigma/images/1495529720972300290_2.jpg,1
twigma/images/1528505818626260994_1.jpg,1
twigma/images/1587181990884810753_1.jpg,1
twigma/images/1592444530187698177_2.jpg,1
twigma/images/1599820143877853184_1.jpg,1
twigma/images/1581543402176331782_1.jpg,1
twigma/images/1580110429346750464_1.jpg,1
twigma/images/1559830853978562561_1.jpg,1
twigma/images/1526585193456406532_2.jpg,1
twigma/images/1578511491866988545_1.jpg,1
twigma/images/1580910748905402369_3.jpg,1
twigma/images/1567331977732169729_1.jpg,1
twigma/images/1603183220668760065_1.jpg,1
twigma/images/1570321524225105921_1.jpg,1
twigma/images/1581319168418144256_2.jpg,1
twigma/images/1581702751452508160_3.jpg,1
twigma/images/1556626574786658304_1.jpg,1
twigma/images/1575579389776928768_1.jpg,1
twigma/images/1583945435995312128_1.jpg,1
twigma/images/1437249891496075273_3.jpg,1
twigma/images/1581733356416299009_1.jpg,1
twigma/images/1606273043273220096_1.jpg,1
twigma/images/1606234104466264065_4.jpg,1
twigma/images/1557781437138583552_1.jpg,1
twigma/images/1574414375640866816_1.jpg,1
twigma/images/1581521358856470528_1.jpg,1
twigma/images/1604009681227321345_1.jpg,1
twigma/images/1608191739940208641_1.jpg,1
twigma/images/1586703395724877824_3.jpg,1
twigma/images/1583765648810733568_1.jpg,1
twigma/images/1578464929329340416_1.jpg,1
twigma/images/1580022358785466369_1.jpg,1
twigma/images/1582508751751614464_3.jpg,1
twigma/images/1603842630596468736_3.jpg,1
twigma/images/1586896990075486210_1.jpg,1
twigma/images/1605883207609712641_2.jpg,1
twigma/images/1526580896173809666_4.jpg,1
twigma/images/1584680985157074945_3.jpg,1
twigma/images/1557567931730755584_1.jpg,1
twigma/images/1582529271557283840_1.jpg,1
openimages/test/a82a29eaaa1d89af.jpg,0
openimages/test/eb1f29e9a2c8d68f.jpg,0
openimages/test/d80aa4fcb19e2cef.jpg,0
openimages/test/8221a3cb79ba419f.jpg,0
openimages/test/91d683789f656b7d.jpg,0
openimages/test/cb67e46bdd85347e.jpg,0
openimages/test/69cf1abd845f6dbe.jpg,0
openimages/test/ffca393640f8b551.jpg,0
openimages/test/b2328dd20dfa328c.jpg,0
openimages/test/ab868535cf5a61b6.jpg,0
openimages/test/69c6f9f5e80cf21e.jpg,0
openimages/test/d8d264a5bbc69971.jpg,0
openimages/test/1b50be0d8d50b9df.jpg,0
openimages/test/f78d854d2ba549ad.jpg,0
openimages/test/c2a9d5d0941c2e4e.jpg,0
openimages/test/45740729e7feda6e.jpg,0
openimages/test/f8651e39a728b4cd.jpg,0
openimages/test/7b121cdf5a09290d.jpg,0
openimages/test/8048025d2ddddadd.jpg,0
openimages/test/b3b770ffa183ef9d.jpg,0
openimages/test/7990a1290a73dc1c.jpg,0
openimages/test/2657fe03344fe0cf.jpg,0
openimages/test/60d85881db7c1b0e.jpg,0
openimages/test/3a0d6580cad6bffc.jpg,0
openimages/test/94d3972541dd8a9b.jpg,0
openimages/test/ff2be552a7b1c1ad.jpg,0
openimages/test/0a81990b49b6d7b6.jpg,0
openimages/test/92528fb8532a510c.jpg,0
openimages/test/f92e8ca047dffe9e.jpg,0
openimages/test/9a7b812408741aee.jpg,0
openimages/test/df96c779ec58a3ef.jpg,0
openimages/test/b0a5fbfbf6f7f6ff.jpg,0
openimages/test/3db8c4329dfb751c.jpg,0
openimages/test/0361460769c2f49f.jpg,0
openimages/test/1ac514e97fb32c4c.jpg,0
openimages/test/640527846bff272d.jpg,0
openimages/test/fe58f1481d6af79e.jpg,0
openimages/test/f62b98b30121e0b1.jpg,0
openimages/test/edefdb0feb64924f.jpg,0
openimages/test/03a53ed6ab408b9f.jpg,0
openimages/test/67c6f32376825a9c.jpg,0
openimages/test/3499b59d5b87e1a6.jpg,0
openimages/test/bf8aaa19b3a17e0d.jpg,0
openimages/test/f3e665582ee82955.jpg,0
openimages/test/a5cdaf9765a90c4f.jpg,0
openimages/test/2c7b789d4a23d46d.jpg,0
openimages/test/ff14517858e4a06e.jpg,0
openimages/test/f901a121ed648f0e.jpg,0
openimages/test/f4255653f623a41e.jpg,0
openimages/test/d2d420b9e87663bf.jpg,0
openimages/test/ad8152100a246d3b.jpg,0
openimages/test/935b0306ed0143bc.jpg,0
openimages/test/4f09dc25a724848c.jpg,0
openimages/test/b9a995b2685f49cf.jpg,0
openimages/test/5ec56fb46be62ffe.jpg,0
openimages/test/a8f96c35b11c495a.jpg,0
openimages/test/0e8a11094943678e.jpg,0
openimages/test/6e4c43968cdada66.jpg,0
openimages/test/e96d905ea321195e.jpg,0
openimages/test/ad010dc656f9fb2c.jpg,0
openimages/test/3004b262eedc745e.jpg,0
openimages/test/1698ab61bc5c955f.jpg,0
openimages/test/b3b669d803343f8c.jpg,0
openimages/test/89ed54d428adb296.jpg,0
openimages/test/c066e1782a77c5d6.jpg,0
openimages/test/501727520e6af47d.jpg,0
openimages/test/6808a60a2519560d.jpg,0
openimages/test/36a248302a9995cd.jpg,0
openimages/test/abd5bbb2826e13ce.jpg,0
openimages/test/13c94e386c89bb54.jpg,0
openimages/test/d7ff52e8720bb14e.jpg,0
openimages/test/50004b537dea9680.jpg,0
openimages/test/828c9cd88f79e86f.jpg,0
openimages/test/1ada816ab67e1c56.jpg,0
openimages/test/117761706a01ad2b.jpg,0
openimages/test/b04622f0b86b604c.jpg,0
openimages/test/03af7bb90105c1ec.jpg,0
openimages/test/78ec2e08430699e1.jpg,0
openimages/test/6ae23606d22bad2d.jpg,0
openimages/test/b59badd70f2d64bd.jpg,0
openimages/test/0d2041bcb10cb63a.jpg,0
openimages/test/0ffbb87c1429eb9e.jpg,0
openimages/test/b9ee0727a9256e24.jpg,0
openimages/test/71c0ceca3e66699e.jpg,0
openimages/test/c38f07df130cb3c0.jpg,0
openimages/test/67103d083d358b64.jpg,0
openimages/test/053a77b349ed1e9d.jpg,0
openimages/test/eb54c9abbe04799e.jpg,0
openimages/test/cce0d9c5636f322e.jpg,0
openimages/test/49a6ffcf5cc801cf.jpg,0
openimages/test/3b7b62bfe7915fcf.jpg,0
openimages/test/7923295ca07fe230.jpg,0
openimages/test/66a7afdd6f6e1fbf.jpg,0
openimages/test/a6a4f7299bdf767d.jpg,0
openimages/test/7d124e4418bed071.jpg,0
openimages/test/89878d47328f3ace.jpg,0
openimages/test/754e57ee1b5bbf50.jpg,0
openimages/test/f4eca28a8e373b75.jpg,0
openimages/test/268675cedf27742e.jpg,0
openimages/test/847d5b0a9f45de6c.jpg,0
openimages/test/51441d385bf0f35d.jpg,0
openimages/test/8d8465e67d503feb.jpg,0
openimages/test/833c9333058c6f5e.jpg,0
openimages/test/41771c16436aaf6e.jpg,0
openimages/test/9f57f1aa7e8ac223.jpg,0
openimages/test/7b689d77eec8433e.jpg,0
openimages/test/335c7670cc439acf.jpg,0
openimages/test/2cc928f8446d82bd.jpg,0
openimages/test/14ecc4c4b4283f5c.jpg,0
openimages/test/5c4060e9777569cd.jpg,0
openimages/test/e93b42e99193375e.jpg,0
openimages/test/8465e46f7c0eb9f0.jpg,0
openimages/test/04113e7d2f21171e.jpg,0
openimages/test/319bf10eb1a4d57e.jpg,0
openimages/test/a655b73577020c8d.jpg,0
openimages/test/a37c34ca18819caf.jpg,0
openimages/test/9cd06ec33c8ea60f.jpg,0
openimages/test/0ef777de9c874efd.jpg,0
openimages/test/65f4d54f97e2759c.jpg,0
openimages/test/2354568f7f71f052.jpg,0
openimages/test/8b0b28d9a2d8b70c.jpg,0
openimages/test/7ac22b8d173d3055.jpg,0
openimages/test/16e72a6ba83f6d0e.jpg,0
openimages/test/55d0ed0f496e116d.jpg,0
openimages/test/7522235e1ad432ae.jpg,0
openimages/test/ecbbbe6e58738d5e.jpg,0
openimages/test/407da8fc1c84b1ed.jpg,0
openimages/test/b8174da4e843155f.jpg,0
openimages/test/13fea215fbd053f0.jpg,0
openimages/test/4260e8c54eabfdad.jpg,0
openimages/test/c4e96d8b8ac4c642.jpg,0
openimages/test/f792ed8c06a9eb11.jpg,0
openimages/test/21f45f37199b845d.jpg,0
openimages/test/bef87d768dac651d.jpg,0
openimages/test/357fd8448292e0b0.jpg,0
openimages/test/204ec91c39d1479d.jpg,0
openimages/test/2c180e4d18b6115f.jpg,0
openimages/test/08f60990f8d7764d.jpg,0
openimages/test/2c7b7ba5afe3cbff.jpg,0
openimages/test/f77d3ae40f83addf.jpg,0
openimages/test/dc724b72a20dc4af.jpg,0
openimages/test/ff4d26256aef51ff.jpg,0
openimages/test/3dc319b793a0d43d.jpg,0
openimages/test/dfb4dded9ea53d8d.jpg,0
openimages/test/194344716c9b7d5e.jpg,0
openimages/test/2e3ec3271c61954c.jpg,0
openimages/test/5399732299295f3e.jpg,0
openimages/test/378778f5bad685cf.jpg,0
openimages/test/3d6f274f7c644866.jpg,0
openimages/test/9acb5ee4d9378bcf.jpg,0
openimages/test/19d3ba206beb4caf.jpg,0
openimages/test/feebdba3cf7bd99e.jpg,0
openimages/test/d7f94c3dbd68a87e.jpg,0
openimages/test/b943642f29f0d09c.jpg,0
openimages/test/9ddc8ddd7f3e49fe.jpg,0
openimages/test/f54ecb040198098c.jpg,0
openimages/test/02b5ac344dea8b8e.jpg,0
openimages/test/339eba02c239ffcc.jpg,0
openimages/test/415c839e61ff03cf.jpg,0
openimages/test/9e6524110684620b.jpg,0
openimages/test/8413ca60c3feeef5.jpg,0
openimages/test/5b616a92890933f2.jpg,0
openimages/test/4f2354a774539f6f.jpg,0
openimages/test/5cb377f513bbff8d.jpg,0
openimages/test/2c96e97288ba96bd.jpg,0
openimages/test/55dc54cec4fa1f2f.jpg,0
openimages/test/6ad9df3ef0c71201.jpg,0
openimages/test/bb697aa157a8d95d.jpg,0
openimages/test/7f8e1632f3187ee0.jpg,0
openimages/test/e306f8e7fd7362cf.jpg,0
openimages/test/090f4c121d73334d.jpg,0
openimages/test/7a4b3382f60810ef.jpg,0
openimages/test/afeba46b7748571d.jpg,0
openimages/test/7317d6ca86ffae2f.jpg,0
openimages/test/767fb5ce180a6caf.jpg,0
openimages/test/5129bf2185e0bb0c.jpg,0
openimages/test/eab65173c670ac3d.jpg,0
openimages/test/6080a3faf464603e.jpg,0
openimages/test/4b9c9aaaa30703cf.jpg,0
openimages/test/050b7c4534e9b37f.jpg,0
openimages/test/2151d240b822354b.jpg,0
openimages/test/576ffeeaf4366e7e.jpg,0
openimages/test/b5dc167feb8001a6.jpg,0
openimages/test/0224c94fe59bcf46.jpg,0
openimages/test/78a4ef6aef4ae9de.jpg,0
openimages/test/c4781854412f46dd.jpg,0
openimages/test/0639fe17a3b59a1f.jpg,0
openimages/test/c9b78191f2be167e.jpg,0
openimages/test/21558302dad60aaf.jpg,0
openimages/test/9d0f7b2117ffacaf.jpg,0
openimages/test/655467ebc819b644.jpg,0
openimages/test/22ef4f38b7e50e0f.jpg,0
openimages/test/c766b3c74db45c7d.jpg,0
openimages/test/32ce63e607220691.jpg,0
openimages/test/daad793337ca67ad.jpg,0
openimages/test/e86e1c383f90ce2f.jpg,0
openimages/test/5492b9a0fd0df6ad.jpg,0
openimages/test/9db1b12921ad725f.jpg,0
openimages/test/9dec44267fc919cd.jpg,0
openimages/validation/dc979cc4b88ae026.jpg,0
openimages/validation/0caa8c505c01ce8b.jpg,0
openimages/validation/9479eee43904176f.jpg,0
openimages/validation/59cc281b7faefdee.jpg,0
openimages/validation/4f9fde4c5bc5921f.jpg,0
openimages/validation/8d2a1afea946077b.jpg,0
openimages/validation/d1e768bb7d35f85f.jpg,0
openimages/validation/74eb7c491624caf5.jpg,0
openimages/validation/8c5957cc9ba43e9f.jpg,0
openimages/validation/692b7cd4cca2ee3c.jpg,0
openimages/validation/982dc7ae6449ef6d.jpg,0
openimages/validation/25b7dedf541a5e8e.jpg,0
openimages/validation/fbe3588f590844bd.jpg,0
openimages/validation/a1b26d948a62062d.jpg,0
openimages/validation/6dbed0b2fe4330bf.jpg,0
openimages/validation/9c22e204e1aac0c0.jpg,0
openimages/validation/3d98e3713783e82d.jpg,0
openimages/validation/b55ff3bd0805c9de.jpg,0
openimages/validation/9f31ab4090dce13d.jpg,0
openimages/validation/1b5c620731c9bc7e.jpg,0
openimages/validation/d3831aa42d49c77f.jpg,0
openimages/validation/1366cde3b480a15c.jpg,0
openimages/validation/1b61f2929175af3f.jpg,0
openimages/validation/b2faf04ae8d5ffae.jpg,0
openimages/validation/7cb248b948969749.jpg,0
openimages/validation/e23576bde0240d2c.jpg,0
openimages/validation/1d823ca1486d2cca.jpg,0
openimages/validation/34f7030f1a9eb95f.jpg,0
openimages/validation/bd5c4b6253c459bc.jpg,0
openimages/validation/7c9d11f15dffea0f.jpg,0
openimages/validation/6fee58b3da59a93f.jpg,0
openimages/validation/48770ff14ec29a4e.jpg,0
openimages/validation/4082e55b75462ecc.jpg,0
openimages/validation/f9f5e0c6ebdecce7.jpg,0
openimages/validation/d38e1365450ab89e.jpg,0
openimages/validation/33f643e863732881.jpg,0
openimages/validation/001ffaceaff5f33f.jpg,0
openimages/validation/0c7c670d8ee7677e.jpg,0
openimages/validation/321bef2f9e8ca78f.jpg,0
openimages/validation/ac9dbbe1e4b0607c.jpg,0
openimages/validation/0937f20ab730f4bd.jpg,0
openimages/validation/2c4fb0d424f961fd.jpg,0
openimages/validation/96702eb4a1975ceb.jpg,0
openimages/validation/363221b55114f792.jpg,0
openimages/validation/c4379dd8e2a1dafe.jpg,0
openimages/validation/78757abd46497e4e.jpg,0
openimages/validation/7f4a939cbc991f35.jpg,0
openimages/validation/018bbadd96337150.jpg,0
openimages/validation/b9761eaf239c82be.jpg,0
openimages/validation/454a2e427283ae9c.jpg,0
openimages/validation/4e50705a3aecb1be.jpg,0
openimages/validation/a887681a8d829fbe.jpg,0
openimages/validation/6b8286fa226e15b4.jpg,0
openimages/validation/cc92ee0ff2196f3f.jpg,0
openimages/validation/a14be3be4dd219ff.jpg,0
openimages/validation/acf2bd7e58fbb456.jpg,0
openimages/train/0066e6984ef91e6e.jpg,0
openimages/train/6598ef7a367945ec.jpg,0
openimages/train/66e4386efe7fdd5c.jpg,0
openimages/train/10ac18fb27e421fd.jpg,0
openimages/train/f356dfa8654ec1bf.jpg,0
openimages/train/2fdeda3bbfbb6e95.jpg,0
openimages/train/6fe40e7f5443a84d.jpg,0
openimages/train/9154712727ba1d3d.jpg,0
openimages/train/5e3e3fcdd699698b.jpg,0
openimages/train/b76269c5ff21422c.jpg,0
openimages/train/9e4ff36a22ec10ee.jpg,0
openimages/train/b059192353814b66.jpg,0
openimages/train/42b68b0103f56bae.jpg,0
openimages/train/4bd6482ee2ebad4d.jpg,0
openimages/train/68aa0a53e4ac79eb.jpg,0
openimages/train/5261196019d6938f.jpg,0
openimages/train/3db4bd5165b5352c.jpg,0
openimages/train/7e5a0c9535b72b7e.jpg,0
openimages/train/5ccba466bcf071be.jpg,0
openimages/train/80930e291052c68b.jpg,0
openimages/train/dc95fbe9d6e9357e.jpg,0
openimages/train/701f6fca41e11fb1.jpg,0
openimages/train/6e7c7e58aca1e22f.jpg,0
openimages/train/5eae8ec0538aa26a.jpg,0
openimages/train/004073aa3465a0b6.jpg,0
openimages/train/2791a88ec84991ce.jpg,0
openimages/train/e006320cedff667c.jpg,0
openimages/train/28aa73e69f0d4bfd.jpg,0
openimages/train/e8acadd93f0a3cdd.jpg,0
openimages/train/3d76e4278def7a6c.jpg,0
openimages/train/8e3814d1815ea58f.jpg,0
openimages/train/610adabd52138d2e.jpg,0
openimages/train/d5ae83b8c6071f8d.jpg,0
openimages/train/510f3ee9dcc7167c.jpg,0
openimages/train/fd36d36320c986be.jpg,0
openimages/train/f52b31910cda6b9e.jpg,0
openimages/train/7af6b0a35f0f7a2d.jpg,0
openimages/train/409a4720641ff04f.jpg,0
openimages/train/a2934b1c01ec030f.jpg,0
openimages/train/28b2e4ccdebad63d.jpg,0
openimages/train/96e4c1613203c8bc.jpg,0
openimages/train/348511178de6872c.jpg,0
openimages/train/17faf9278f9f1cef.jpg,0
openimages/train/aa7c69f22dad1e8d.jpg,0
openimages/train/9e667cf88a27b4c1.jpg,0
openimages/train/218f4495336f2224.jpg,0
openimages/train/009b1e3e1e6a108d.jpg,0
openimages/train/000a3facd19eeae6.jpg,0
openimages/train/0a69b41f56eae07d.jpg,0
openimages/train/66471d9f63eda0e0.jpg,0
openimages/train/80e24503e330746b.jpg,0
openimages/train/a73181b4259ada5e.jpg,0
openimages/train/2cb26b4f3e05a4be.jpg,0
openimages/train/c2fdbc6e9a99d20e.jpg,0
openimages/train/17918e5a143480ad.jpg,0
openimages/train/d87ecf15497c929f.jpg,0
openimages/train/35c82472dbdbe9ee.jpg,0
openimages/train/30c10d4a5709491f.jpg,0
openimages/train/3efe382e0b60eea1.jpg,0
openimages/train/f8415efe8296160d.jpg,0
openimages/train/6ea7e8f3f6862bd1.jpg,0
openimages/train/aa2b44181df3f83d.jpg,0
openimages/train/82c72ecf589cde10.jpg,0
openimages/train/75cd514daa77e85c.jpg,0
openimages/train/3b04e3819b3b6f66.jpg,0
openimages/train/cc4d2142e63febcb.jpg,0
openimages/train/14446089639df9a6.jpg,0
openimages/train/b29d4b3f98b7d59c.jpg,0
openimages/train/7f5bb4fbe5a8872c.jpg,0
openimages/train/6f2d2c30fc7f35bc.jpg,0
openimages/train/8dfbd4176234821e.jpg,0
openimages/train/08651fd83d9c69cf.jpg,0
openimages/train/7772e5678429cb1c.jpg,0
openimages/train/8af1893dcb76303d.jpg,0
openimages/train/b3a67fe642c90abf.jpg,0
openimages/train/515c9b745f54f4fe.jpg,0
openimages/train/56d701da0369f100.jpg,0
openimages/train/293f070e4b07531e.jpg,0
openimages/train/17e017d9f38ada01.jpg,0
openimages/train/bc930b11ba1410fd.jpg,0
openimages/train/cdcb9be9980d285f.jpg,0
openimages/train/69946d0640d9347e.jpg,0
openimages/train/43d59d6947e8de8d.jpg,0
openimages/train/e087f63aa705baba.jpg,0
openimages/train/481f4c5d9b55f3ac.jpg,0
openimages/train/773073daae70fdb2.jpg,0
openimages/train/d278681caec430fc.jpg,0
openimages/train/d1b531ed086d692d.jpg,0
openimages/train/1f2d71eda94c81ad.jpg,0
openimages/train/0b3b0a9c6f461dad.jpg,0
openimages/train/b8468a6904be1797.jpg,0
openimages/train/989fd4c8719f9e6f.jpg,0
openimages/train/c7e990bfc295f65f.jpg,0
openimages/train/479981299f18b2bd.jpg,0
openimages/train/474f5d67018f92fe.jpg,0
openimages/train/127283291bf322cf.jpg,0
openimages/train/1a5dc156a47748eb.jpg,0
openimages/train/ca1c6826fbf20b82.jpg,0
openimages/train/41baa3ccfeb71a47.jpg,0
openimages/train/555769b6cdb38a5d.jpg,0
openimages/train/0c6f968c843f2f0f.jpg,0
openimages/train/f7b1b8ae4469fa6b.jpg,0
openimages/train/bcf99581d6a8c74d.jpg,0
openimages/train/4fe6f0fd5229433c.jpg,0
openimages/train/9042ebf72618d9ed.jpg,0
openimages/train/31cdc3e5fa56c786.jpg,0
openimages/train/df23e92ed8d282fd.jpg,0
openimages/train/02773c8c90ebcb6d.jpg,0
openimages/train/6f277de01e34af5b.jpg,0
openimages/train/9732360eb18da1d2.jpg,0
openimages/train/0b196005d334adcf.jpg,0
openimages/train/02c05018da2870de.jpg,0
openimages/train/ad3061d8f104b95f.jpg,0
openimages/train/eeac05e1a6077761.jpg,0
openimages/train/c6a716856704bb4e.jpg,0
openimages/train/c48169232c50999e.jpg,0
openimages/train/db0f504c783f263d.jpg,0
openimages/train/047fe1c5408cb9de.jpg,0
openimages/train/0cd06b654f9adc7f.jpg,0
openimages/train/c3b834258370827d.jpg,0
openimages/train/e3309b3a58e78e60.jpg,0
openimages/train/0b877dc741fdc10e.jpg,0
openimages/train/60e2c2bcf7b1424e.jpg,0
openimages/train/349e813b5bf0ce9e.jpg,0
openimages/train/c2997231789874dd.jpg,0
openimages/train/7b223e6c60ce401e.jpg,0
openimages/train/debb73f9da77db9e.jpg,0
openimages/train/06e8f7602a4d313d.jpg,0
openimages/train/cd0bde338f197bce.jpg,0
openimages/train/d9c96cf1f297dfce.jpg,0
openimages/train/6d8c70a3061c765e.jpg,0
openimages/train/3e57298fb215853e.jpg,0
openimages/train/5a8d0ff160c4dcdc.jpg,0
openimages/train/10dca670f18d92c3.jpg,0
openimages/train/a957f8421bd6332d.jpg,0
openimages/train/7f1bedd140302e9f.jpg,0
openimages/train/7d5f1a275eb4bded.jpg,0
openimages/train/30a3956c535f746e.jpg,0
openimages/train/14702abb25310cee.jpg,0
openimages/train/d117270c27a04dbe.jpg,0
openimages/train/1f12e6c4d24e4f8c.jpg,0
openimages/train/edfd1dedc47bb1fd.jpg,0
openimages/train/784b0b8aef6cabff.jpg,0
openimages/train/b5b41416cd29e47e.jpg,0
openimages/train/0c48bc83b9e10ece.jpg,0
openimages/train/8b72e82fb246f0ee.jpg,0
openimages/train/f4c32bfefab9d2ee.jpg,0
openimages/train/5c579188d9f9449e.jpg,0
openimages/train/6924f23e7c239adc.jpg,0
openimages/train/7cead529d34c8ecd.jpg,0
openimages/train/18758e74e8276f7e.jpg,0
openimages/train/e007d77a55888046.jpg,0
openimages/train/af37b97eb0239a4e.jpg,0
openimages/train/c4f995accefb2c2e.jpg,0
openimages/train/89f079a41c09c81e.jpg,0
openimages/train/9759406b53c141ad.jpg,0
openimages/train/7d640caf81d3a97d.jpg,0
openimages/train/c8c79928ae2d271f.jpg,0
openimages/train/899fc446ac47c46f.jpg,0
openimages/train/707f22b1a38a5bfd.jpg,0
openimages/train/0d999ae353fb5f10.jpg,0
openimages/train/d54671f426e888ed.jpg,0
openimages/train/384621385f900bee.jpg,0
openimages/train/ead2e2e0e7e3544c.jpg,0
openimages/train/46c605ea7730ba1c.jpg,0
openimages/train/9cd4b62fb80a0e56.jpg,0
openimages/train/84a5f1b30eb81b5a.jpg,0
openimages/train/ab5fd038c6affe7f.jpg,0
openimages/train/31d84597b8487a51.jpg,0
openimages/train/b7b01580b8b8a87f.jpg,0
openimages/train/5fd4a4dd7f24c03c.jpg,0
openimages/train/19fcaa04c1bbeaee.jpg,0
openimages/train/6996dd12a8dbe7be.jpg,0
openimages/train/ff1d4aa057d77106.jpg,0
openimages/train/7dc3f38c8d6a324c.jpg,0
openimages/train/a3ef4b6a8d2daf6d.jpg,0
openimages/train/6c49e8cddd29e752.jpg,0
openimages/train/871feca6cfabc07d.jpg,0
openimages/train/46c3edabb5d012fe.jpg,0
openimages/train/3f137d53a674a58e.jpg,0
openimages/train/c01928d2bc823bae.jpg,0
openimages/train/75271792d964ed8e.jpg,0
openimages/train/8005c47aea087b2e.jpg,0
openimages/train/0307e2027d3f068e.jpg,0
openimages/train/dfcf6000ef0da6a0.jpg,0
openimages/train/11049c5f41efb1ec.jpg,0
openimages/train/f3c0de31520d5816.jpg,0
openimages/train/b30a3914a580bd8e.jpg,0
openimages/train/a35a7ee33ea6772c.jpg,0
openimages/train/13c6c57e3cd0d91e.jpg,0
openimages/train/56092e1a321dcd2e.jpg,0
openimages/train/e0066a56ca320c2f.jpg,0
openimages/train/55ac956ab40a4f9c.jpg,0
openimages/train/f650af6670c87bd6.jpg,0
openimages/train/6685fbfa8b73e4ae.jpg,0
openimages/train/f6f9be3448c18e4e.jpg,0
openimages/train/a7045d1ac1eeefbc.jpg,0
openimages/train/8c289a88fde547db.jpg,0
openimages/train/2ce6c942a865c83d.jpg,0
openimages/train/4a1e1f904781103f.jpg,0
openimages/train/b2a8110dce80076b.jpg,0
openimages/train/d69387ca709d1432.jpg,0
openimages/train/d54cee903caf778e.jpg,0
openimages/train/e023541ff646bc5d.jpg,0
openimages/train/3f0556363372566f.jpg,0
openimages/train/fa48886128f2226d.jpg,0
openimages/train/b7e53404b9b8228e.jpg,0
openimages/train/2c914f785eedf847.jpg,0
openimages/train/10cc3815b95ae1bb.jpg,0
openimages/train/2b176f733afdb3ac.jpg,0
openimages/train/8bb6c6f53114bef1.jpg,0
openimages/train/032163cdfac1810e.jpg,0
openimages/train/420bfe8f409f8cbe.jpg,0
openimages/train/220e93b60756170f.jpg,0
openimages/train/ad207254ebedc8ee.jpg,0
openimages/train/dc340876912b1ad6.jpg,0
openimages/train/d2ed58cca188844d.jpg,0
openimages/train/68fadd27e730801a.jpg,0
openimages/train/d72df88c6bba3910.jpg,0
openimages/train/5bf9f81ed9792033.jpg,0
openimages/train/f3e2d162372fdcbc.jpg,0
openimages/train/4d9e4584d36180cf.jpg,0
openimages/train/c0fcb66602fd1342.jpg,0
openimages/train/a2c8e6fca8822c8e.jpg,0
openimages/train/7ca62833f891d46f.jpg,0
openimages/train/671d4eb4dec520fe.jpg,0
openimages/train/dce7f57aeeb3d9ea.jpg,0
openimages/train/dc3039a638dfaa6d.jpg,0
openimages/train/0d8a2e68e36a5e9d.jpg,0
openimages/train/09319401eecd3f3d.jpg,0
openimages/train/cdd08a065b97fa17.jpg,0
openimages/train/c62cf7199702a5dd.jpg,0
openimages/train/9467149a04cc8bdf.jpg,0
openimages/train/b9553eff4a4c92fc.jpg,0
openimages/train/4145e6f22035932f.jpg,0
openimages/train/fe05aa6350a98aaf.jpg,0
openimages/train/bfeb516b89ed11c4.jpg,0
openimages/train/94dc340bf66c257d.jpg,0
openimages/train/b46ad225fddbd5ac.jpg,0
openimages/train/ec7a69c3897d33ff.jpg,0
openimages/train/690979782478fb60.jpg,0
openimages/train/c64224e193b4bde2.jpg,0
openimages/train/879ab25ed87ee89f.jpg,0
openimages/train/1d86d51500da65de.jpg,0
openimages/train/af9c82d92ff62b0e.jpg,0
openimages/train/8478c98a7c3dbaff.jpg,0
openimages/train/979a74311a1c328d.jpg,0
openimages/train/4247822c85f7638f.jpg,0
openimages/train/0b0941addc9c6d7d.jpg,0
openimages/train/f64c28c65df11b6d.jpg,0
openimages/train/98eb9296ca311020.jpg,0
openimages/train/735bacb747040ec4.jpg,0
openimages/train/9396fee48d1c58ed.jpg,0
openimages/train/faf59ddd3d5a6476.jpg,0
openimages/train/f761c56c31fc261d.jpg,0
openimages/train/da94852a2306730a.jpg,0
openimages/train/e87fa36fa1cfbf0e.jpg,0
openimages/train/c7368efc7e8eb09d.jpg,0
openimages/train/267fcb7a076a016f.jpg,0
openimages/train/950732f7a617c85d.jpg,0
openimages/train/2acd69a64c67eccc.jpg,0
openimages/train/6c855758d7e01c6d.jpg,0
openimages/train/0ecce0457727e210.jpg,0
openimages/train/78b4f222727fe15d.jpg,0
openimages/train/e3619af5b648cffd.jpg,0
openimages/train/5040a61538f85fbe.jpg,0
openimages/train/9dbafe6377c635ef.jpg,0
openimages/train/8dab3e376d552ebd.jpg,0
openimages/train/922d029a08e2157f.jpg,0
openimages/train/13621139882ba556.jpg,0
openimages/train/7a3b5672750a697e.jpg,0
openimages/train/18723959dd06b94e.jpg,0
openimages/train/281932be3a188a3c.jpg,0
openimages/train/5eab7b064978345b.jpg,0
openimages/train/21d40034c9d424ee.jpg,0
openimages/train/c96e681b349734af.jpg,0
openimages/train/d445601a0b67fae6.jpg,0
openimages/train/28730093899d770f.jpg,0
openimages/train/8abcbb7b70ed88e3.jpg,0
openimages/train/f0a6bdf397fa9bfd.jpg,0
openimages/train/2e8457224b0c3b5c.jpg,0
openimages/train/df42ace266f4a38d.jpg,0
openimages/train/eed26b53a2677cad.jpg,0
openimages/train/010a2a2cafc6e23b.jpg,0
openimages/train/f429f78bae226176.jpg,0
openimages/train/0079d851429ecb6d.jpg,0
openimages/train/d8716799281b52bd.jpg,0
openimages/train/b319106f1df03a3f.jpg,0
openimages/train/dc1daf4ccce601c3.jpg,0
openimages/train/029aab2bc478499c.jpg,0
openimages/train/7ab2f18da1686bcf.jpg,0
openimages/train/04db975ec8c4d8df.jpg,0
openimages/train/7f0c03b5e3115a1f.jpg,0
openimages/train/6f2d1028eda3190b.jpg,0
openimages/train/0d96d653baf5a8e2.jpg,0
openimages/train/9af41fc82f8ec23c.jpg,0
openimages/train/976df985db26372c.jpg,0
openimages/train/49dd904d8a2d4ced.jpg,0
openimages/train/443e6104520bf6fd.jpg,0
openimages/train/41bc729e74b7d8cf.jpg,0
openimages/train/bce1d1003a92adfc.jpg,0
openimages/train/a9df187f0fabb67e.jpg,0
openimages/train/dbedef20009c9b9b.jpg,0
openimages/train/52b1692ece39f48e.jpg,0
openimages/train/c3b66fc9ba21072f.jpg,0
openimages/train/2916ed699a258afd.jpg,0
openimages/train/6d7294b5f941841e.jpg,0
openimages/train/d4f39380dffb3d74.jpg,0
openimages/train/106dfab48c153bff.jpg,0
openimages/train/c50237dc8f8106c6.jpg,0
openimages/train/2e46a0d92eb4c04b.jpg,0
openimages/train/af7bd69147f2af5e.jpg,0
openimages/train/658d9e252ab3390e.jpg,0
openimages/train/6a79af5be8f0737c.jpg,0
openimages/train/09dcb805bf8a81a5.jpg,0
openimages/train/0693d366bca553bf.jpg,0
openimages/train/3f426872c69b6b3d.jpg,0
openimages/train/a8cc45a7ba932731.jpg,0
openimages/train/022c31a09d9e947d.jpg,0
openimages/train/7f3892b3968e757d.jpg,0
openimages/train/1fb6be4009617b1e.jpg,0
openimages/train/7b083d7f31f55254.jpg,0
openimages/train/779fe92e54c5b51d.jpg,0
openimages/train/034473474965116d.jpg,0
openimages/train/c7b96de02e530b6e.jpg,0
openimages/train/5faf444a596cd4fb.jpg,0
openimages/train/b5c43fe8d594ba9d.jpg,0
openimages/train/2ae5a3d4e8ce477a.jpg,0
openimages/train/2f520fdcf72047dd.jpg,0
openimages/train/1bf4209d8c0ee91f.jpg,0
openimages/train/5d0aca0dd70b08fd.jpg,0
openimages/train/7c5303bc94330d5d.jpg,0
openimages/train/15a34f48580b9ccc.jpg,0
openimages/train/6d498f0865847eba.jpg,0
openimages/train/fe75f09728bc2c9d.jpg,0
openimages/train/96dbd18cd524e39e.jpg,0
openimages/train/6b60a1b8572b41df.jpg,0
openimages/train/c9fc9944b5c9fd7d.jpg,0
openimages/train/fb3c2b05478175ee.jpg,0
openimages/train/6401440715819bcd.jpg,0
openimages/train/faa52f3566b7823a.jpg,0
openimages/train/022290f88de8290e.jpg,0
openimages/train/db65bea618e44286.jpg,0
openimages/train/9a0c8bb4fbe30f7c.jpg,0
openimages/train/63b60a94fe77024f.jpg,0
openimages/train/f058b597e24ce4cd.jpg,0
openimages/train/77d2a19088df521d.jpg,0
openimages/train/996ba5f886b38cfe.jpg,0
openimages/train/3be4a8905d64b5e6.jpg,0
openimages/train/10be9a55277b2f02.jpg,0
openimages/train/b5d4c615225d7fbe.jpg,0
openimages/train/23defcc313461c9c.jpg,0
openimages/train/a9419402dad61815.jpg,0
openimages/train/07513e16573fd21d.jpg,0
openimages/train/4d878cd7ad2136fa.jpg,0
openimages/train/9641819f00c135ca.jpg,0
openimages/train/4655e664fb8d3a1d.jpg,0
openimages/train/e7b5e42f5e280b56.jpg,0
openimages/train/e5b0e28b7f794765.jpg,0
openimages/train/b95404351fb10a3d.jpg,0
openimages/train/813009edc37f53c3.jpg,0
openimages/train/b27d30e9f14731de.jpg,0
openimages/train/af9232e9b93b3afe.jpg,0
openimages/train/ed25c8b2041a90b0.jpg,0
openimages/train/6ac06b7aa203da8c.jpg,0
openimages/train/cea7fda9840fb5d2.jpg,0
openimages/train/8c3eb7c7748fd106.jpg,0
openimages/train/519b1573167178be.jpg,0
openimages/train/2e6be3c2e1df6bab.jpg,0
openimages/train/5387f2aee0b46b0d.jpg,0
openimages/train/08698e03aa6a85dc.jpg,0
openimages/train/c9b62757c0970ffd.jpg,0
openimages/train/729c12bb37f784b4.jpg,0
openimages/train/11e30dfe1460d696.jpg,0
openimages/train/53c8be453e852d3e.jpg,0
openimages/train/840131e623a0b56d.jpg,0
openimages/train/50ed097465f277ee.jpg,0
openimages/train/ec400a73cf05c401.jpg,0
openimages/train/7739596462af187f.jpg,0
openimages/train/3bc86cae2f646e20.jpg,0
openimages/train/9386bab24ba4d25e.jpg,0
openimages/train/d72d4382a08cec1c.jpg,0
openimages/train/02b13664ba5e769d.jpg,0
openimages/train/123e2031e9e80b3e.jpg,0
openimages/train/2b45dfc7e83982fe.jpg,0
openimages/train/1ba40e38f54ea66d.jpg,0
openimages/train/ff44561beddacbbd.jpg,0
openimages/train/49e35923287a0f50.jpg,0
openimages/train/1d28dbb4c25cd23d.jpg,0
openimages/train/d8d78aba909013be.jpg,0
openimages/train/87e98926c782864c.jpg,0
openimages/train/db9fc6a18c4babef.jpg,0
openimages/train/a9a765ea80dcf9a6.jpg,0
openimages/train/1839986024d752dc.jpg,0
openimages/train/e3272d2b2ecee98e.jpg,0
openimages/train/1a0431252745b1cf.jpg,0
openimages/train/f2437991d58fe48d.jpg,0
openimages/train/1edb30918f521afa.jpg,0
openimages/train/1435402a913fb5ee.jpg,0
openimages/train/12dcb207e1eeaa9d.jpg,0
openimages/train/21d60e0822064acb.jpg,0
openimages/train/433c8274ec8d521b.jpg,0
openimages/train/860efcd2531ffe8d.jpg,0
openimages/train/972feb684586ab0e.jpg,0
openimages/train/a4e7ef5036f2fb00.jpg,0
openimages/train/04d419f2e2ec3ace.jpg,0
openimages/train/44b31fe18df818dd.jpg,0
openimages/train/09fe99665ef82b00.jpg,0
openimages/train/2da38c8e7225ee9b.jpg,0
openimages/train/95ff93746a5e1f2f.jpg,0
openimages/train/bc546adad4924ea6.jpg,0
openimages/train/0a2e7e1ac12be6fe.jpg,0
openimages/train/eb6bcb336a72fe2e.jpg,0
openimages/train/2400bab622083bb0.jpg,0
openimages/train/2d2405e09e8756b2.jpg,0
openimages/train/851192b20b22939d.jpg,0
openimages/train/ec99ea1d7baf12ff.jpg,0
openimages/train/ff9c05a8e5fde3ce.jpg,0
openimages/train/8283ccc3fcf2f56d.jpg,0
openimages/train/a29a2997987cb06d.jpg,0
openimages/train/1e4a1f42f919b56b.jpg,0
openimages/train/b1258cd3555744df.jpg,0
openimages/train/0d4242d2be71b9ce.jpg,0
openimages/train/23869e5f611ec29d.jpg,0
openimages/train/0c85bc7b810decff.jpg,0
openimages/train/5f54fcc663f45f1e.jpg,0
openimages/train/b63dd31acec5ae0e.jpg,0
openimages/train/8de1d06a12227aaf.jpg,0
openimages/train/654821f47932f8dd.jpg,0
openimages/train/d881bf0a4c94062e.jpg,0
openimages/train/be33077a4eedfd83.jpg,0
openimages/train/c07ae56825a1504e.jpg,0
openimages/train/abf3da02018f401e.jpg,0
openimages/train/04e9082e4c19a82e.jpg,0
openimages/train/4dec29bc77d7d5b4.jpg,0
openimages/train/bf52a3f35214145d.jpg,0
openimages/train/ab2cc1342861bb51.jpg,0
openimages/train/7c050cf450f7d1cd.jpg,0
openimages/train/5cbda464bf069c3e.jpg,0
openimages/train/877ef855d767247f.jpg,0
openimages/train/c4e2edba289ed0bd.jpg,0
openimages/train/67a802f288be433f.jpg,0
openimages/train/f8e75daf7adef67d.jpg,0
openimages/train/2f64c3ee924f2185.jpg,0
openimages/train/a32596bff8763c57.jpg,0
openimages/train/00b4e94d3bf24c6d.jpg,0
openimages/train/b5383b663c8a91fc.jpg,0
openimages/train/74a3d5442047e1ba.jpg,0
openimages/train/42e2ebf1628eb49c.jpg,0
openimages/train/83387728fdbf9f01.jpg,0
openimages/train/0b1e92b284fc707f.jpg,0
openimages/train/c313e78e7df31197.jpg,0
openimages/train/8579c0bab3ca00fe.jpg,0
openimages/train/606a4e79d0c09a2d.jpg,0
openimages/train/832ce83cc690ab1d.jpg,0
openimages/train/aa8a04327a4a3e3e.jpg,0
openimages/train/1cce1e4de700d28e.jpg,0
openimages/train/9c4187053b1beedf.jpg,0
openimages/train/9145928fa750e846.jpg,0
openimages/train/5026eef4fe189acc.jpg,0
openimages/train/8e0895b6bf99ee15.jpg,0
openimages/train/e3c5bc6f6b004430.jpg,0
openimages/train/7949b31c1a207106.jpg,0
openimages/train/880e2ec7d72955be.jpg,0
openimages/train/11f9eef5be47d755.jpg,0
openimages/train/340437941f4ecedd.jpg,0
openimages/train/21cd318b5f887d6f.jpg,0
openimages/train/3e2991a5b750b6be.jpg,0
openimages/train/cb67e58c2f3ca38e.jpg,0
openimages/train/42c35de2aadd8cfc.jpg,0
openimages/train/b70121a534354790.jpg,0
openimages/train/cc72d9708c231d06.jpg,0
openimages/train/9771eb526b80802e.jpg,0
openimages/train/a1d22d0ef18f747a.jpg,0
openimages/train/8bd37c5a2941670f.jpg,0
openimages/train/5d36c1ed46a96d30.jpg,0
openimages/train/d1ae5032418b5dfc.jpg,0
openimages/train/859bca2d7c53491e.jpg,0
openimages/train/c863b1c05c3b4bfb.jpg,0
openimages/train/099082463344a7ad.jpg,0
openimages/train/eac63dc92ba00d6d.jpg,0
openimages/train/0082aabd5156d1bb.jpg,0
openimages/train/93ec7d093bf7186b.jpg,0
openimages/train/52e6e506075d6aff.jpg,0
openimages/train/94c6bb252ca761ae.jpg,0
openimages/train/448f20b215e9f40e.jpg,0
openimages/train/df0e061852c763ef.jpg,0
openimages/train/825fa8b7ace4417e.jpg,0
openimages/train/7c34029e4f61a93e.jpg,0
openimages/train/44b3d4ab3299082e.jpg,0
openimages/train/15a7dc0f5ac8e99b.jpg,0
openimages/train/e86994f9661163cf.jpg,0
openimages/train/42a30d8f8fba8b40.jpg,0
openimages/train/c0a7ee79ba2f6c3e.jpg,0
openimages/train/bf44c61ce1497cdb.jpg,0
openimages/train/7a41f1e085d6240e.jpg,0
openimages/train/99695ba58d0b4de2.jpg,0
openimages/train/0feb27bc9b20c46e.jpg,0
openimages/train/b6296b3f0d44c9ae.jpg,0
openimages/train/604d05ff2c8d5d1f.jpg,0
openimages/train/4521b1287a591d8f.jpg,0
openimages/train/d992b926dbc3a634.jpg,0
openimages/train/91db76fb7b2dfe8e.jpg,0
openimages/train/ae1d769882be4e6b.jpg,0
openimages/train/bf0ee5d127a7eefe.jpg,0
openimages/train/2de96a2ae03b3851.jpg,0
openimages/train/d4098c2b8660bd74.jpg,0
openimages/train/15688a2346c93226.jpg,0
openimages/train/d99859c5f1d9354c.jpg,0
openimages/train/1d5ef05c8da80e31.jpg,0
openimages/train/3095084b358d3f2d.jpg,0
openimages/train/1b66bea0356dd54d.jpg,0
openimages/train/6f7e3f89125f1dcd.jpg,0
openimages/train/2581daad50efba2d.jpg,0
openimages/train/e6b8c4168e608a1c.jpg,0
openimages/train/4089d32c1a827c0f.jpg,0
openimages/train/3c70882158031acb.jpg,0
openimages/train/b58e8a84fc67dcaf.jpg,0
openimages/train/9efeeb0f2cecf67d.jpg,0
openimages/train/115b74eae4bf1a2c.jpg,0
openimages/train/40f8134fa4f1693f.jpg,0
openimages/train/be317616819b19fe.jpg,0
openimages/train/14e62d96cddf3346.jpg,0
openimages/train/1e867952350e5cd0.jpg,0
openimages/train/ad4f75d8627aa4ce.jpg,0
openimages/train/94d4346cdb5b7b7c.jpg,0
openimages/train/287c056616b3963d.jpg,0
openimages/train/2db9c79a059e9503.jpg,0
openimages/train/bb4b51168e2976c6.jpg,0
openimages/train/e529338c651b0f1d.jpg,0
openimages/train/56016b22e9807eef.jpg,0
openimages/train/f1769272886a010f.jpg,0
openimages/train/29edeee21221fe2f.jpg,0
openimages/train/b75143628d21436e.jpg,0
openimages/train/fd93171f815cdeae.jpg,0
openimages/train/9548b535c9c1824e.jpg,0
openimages/train/b247bf9fcdc6857e.jpg,0
openimages/train/88e17a3d92b5fe1b.jpg,0
openimages/train/eb4ec225e7fea5a0.jpg,0
openimages/train/d9fdb3e79b1bdd7c.jpg,0
openimages/train/7700b93fd0f61eaf.jpg,0
openimages/train/d35884c1ccade1ee.jpg,0
openimages/train/08be6a4612995dde.jpg,0
openimages/train/574909181eaf9502.jpg,0
openimages/train/4de56e674ff30bbd.jpg,0
openimages/train/6e5a298ba0d599dc.jpg,0
openimages/train/2100d690e25465ac.jpg,0
openimages/train/e5225aacc0fa458a.jpg,0
openimages/train/8849bd40bedd5cbe.jpg,0
openimages/train/c716688fb0ada1ac.jpg,0
openimages/train/6d760367dc93843d.jpg,0
openimages/train/dde094f49495e8ce.jpg,0
openimages/train/aacc114bdaaae87e.jpg,0
openimages/train/af8b245905457fbd.jpg,0
openimages/train/8c9e1c2ca279f91e.jpg,0
openimages/train/6adeed1be13bf98e.jpg,0
openimages/train/6b226cee49de581b.jpg,0
openimages/train/16f3a833c9d670d2.jpg,0
openimages/train/80a5f4a49eb85812.jpg,0
openimages/train/7837122d96d30e5d.jpg,0
openimages/train/702f0c5eea4a64fd.jpg,0
openimages/train/fa72fb5bb42ccf86.jpg,0
openimages/train/f3bd66c099db750e.jpg,0
openimages/train/191885e7ea7cb0ee.jpg,0
openimages/train/c3fa8f2c4f304e8c.jpg,0
openimages/train/e479da337fa5e95b.jpg,0
openimages/train/fb90860c5ebe9f2b.jpg,0
openimages/train/113309e3752c4fbd.jpg,0
openimages/train/17ef25f6263ce1ee.jpg,0
openimages/train/5ed5337c02f1b55e.jpg,0
openimages/train/795b24a86f05f16f.jpg,0
openimages/train/4f524d00fe996b4e.jpg,0
openimages/train/6063a621f74777cf.jpg,0
openimages/train/5935c13519cecc5f.jpg,0
openimages/train/253f79ea5ddb6c5f.jpg,0
openimages/train/b7536dc85f2ed5ee.jpg,0
openimages/train/cb8733fbdd035f6b.jpg,0
openimages/train/6e6148f11e8ec2a1.jpg,0
openimages/train/e1a23db6c6fb5016.jpg,0
openimages/train/c74aae7e2017d65e.jpg,0
openimages/train/5823ba986ca8a71d.jpg,0
openimages/train/fa2cdb8c4608cd8d.jpg,0
openimages/train/960a4cc93e60e5ab.jpg,0
openimages/train/e8e27731dc973fee.jpg,0
openimages/train/7346c1c08041352f.jpg,0
openimages/train/d77758a1165ced5f.jpg,0
openimages/train/908f1f054be99dc6.jpg,0
openimages/train/4441a25999e2cc5c.jpg,0
openimages/train/a1ff0c49ddbc8b1f.jpg,0
openimages/train/be05914cb318df4d.jpg,0
openimages/train/36fcb60f8782451f.jpg,0
openimages/train/ab06d57229ab4f9f.jpg,0
openimages/train/5a8bb85c4a834edd.jpg,0
openimages/train/37e0caf720c1001d.jpg,0
openimages/train/a1a77abe29c67e21.jpg,0
openimages/train/ba63d703b5cb550b.jpg,0
openimages/train/48bc2fc9b6bbbece.jpg,0
openimages/train/407381048168505e.jpg,0
openimages/train/3103b109f02cc8be.jpg,0
openimages/train/a55674e2b4ef2a8e.jpg,0
openimages/train/f14f38fa6fb3f66a.jpg,0
openimages/train/9d7146b46f70efa0.jpg,0
openimages/train/051533f7f68b7d2d.jpg,0
openimages/train/9161c401fa33303c.jpg,0
openimages/train/b425f364ba77ed74.jpg,0
openimages/train/946ad116868d2b8f.jpg,0
openimages/train/5fa15c760aca9ffe.jpg,0
openimages/train/f3459d67092b0756.jpg,0
openimages/train/690f7369cb3bc74e.jpg,0
openimages/train/b5904eacb4d429ae.jpg,0
openimages/train/5f7414d381eb8b2e.jpg,0
openimages/train/ca952043aa4586bd.jpg,0
openimages/train/66e85eaea8cdc00e.jpg,0
openimages/train/13fa792c6755ecfd.jpg,0
openimages/train/079f0d90da556105.jpg,0
openimages/train/ac8739669090e74f.jpg,0
openimages/train/6365013fdf33819d.jpg,0
openimages/train/1471a9ecbd3e8c9e.jpg,0
openimages/train/aaf38b04e995e5de.jpg,0
openimages/train/bf0fabf0c5222d1c.jpg,0
openimages/train/e34474175d397e2d.jpg,0
openimages/train/81ebdde57802668e.jpg,0
openimages/train/dbaa5303eeee282d.jpg,0
openimages/train/03de0f0b21473f1f.jpg,0
openimages/train/11da8c9e45a0d703.jpg,0
openimages/train/c75885f9da89e38b.jpg,0
openimages/train/9dae294e052eec00.jpg,0
openimages/train/e8b151a8f1e24a4f.jpg,0
openimages/train/e02c92a91549f8fb.jpg,0
openimages/train/5e96582a24db6eef.jpg,0
openimages/train/02a7dbeb4655a6ee.jpg,0
openimages/train/72768e211cede7ba.jpg,0
openimages/train/7f19461fdea9423c.jpg,0
openimages/train/04cf0df0403c321b.jpg,0
openimages/train/9015094559926bba.jpg,0
openimages/train/79089a1dd5e818ce.jpg,0
openimages/train/f84d7fc7f9cb9e7f.jpg,0
openimages/train/ad4d28631c55f65f.jpg,0
openimages/train/5add5d651ce94b0e.jpg,0
openimages/train/239a78c88201d35b.jpg,0
openimages/train/0385a0ba74249c4d.jpg,0
openimages/train/88754bee39a322de.jpg,0
openimages/train/0cdd2ef7ba7ffeff.jpg,0
openimages/train/cc0f895e7cc647ee.jpg,0
openimages/train/3a2b2dbf3220742e.jpg,0
openimages/train/0fbb4eb1135e8e84.jpg,0
openimages/train/fa12038dea9943f5.jpg,0
openimages/train/4d0d39c885e2d8ef.jpg,0
openimages/train/1dee133f0b4895ee.jpg,0
openimages/train/ec9071751ad2313f.jpg,0
openimages/train/3ab2e94881ae053f.jpg,0
openimages/train/4988cdc579301c5d.jpg,0
openimages/train/87372b634e7cc5f6.jpg,0
openimages/train/24d2d48743d1316a.jpg,0
openimages/train/dfa32504a9ff09bd.jpg,0
openimages/train/65f954275c1b2110.jpg,0
openimages/train/5799abbe7713facd.jpg,0
openimages/train/28ce6ec2d4a4a19e.jpg,0
openimages/train/09686fdd99b9761d.jpg,0
openimages/train/2654e8f9250a0d8e.jpg,0
openimages/train/7e1049bdf885fb42.jpg,0
openimages/train/063f7d04b62c06fd.jpg,0
openimages/train/438688d76d4cc70d.jpg,0
openimages/train/bffd4cf5e121527f.jpg,0
openimages/train/000e4617274e83fe.jpg,0
openimages/train/a17ca230f8f463dd.jpg,0
openimages/train/016e2320b7fb2c2e.jpg,0
openimages/train/10b417f81a5c390c.jpg,0
openimages/train/32cd378dc721dc8e.jpg,0
openimages/train/a1c01aff5e659d4f.jpg,0
openimages/train/c95fe521d823364a.jpg,0
openimages/train/5a24060434f52276.jpg,0
openimages/train/04d945b1d91f198e.jpg,0
openimages/train/a799c99eb623f82c.jpg,0
openimages/train/9bc22a606f061a4b.jpg,0
openimages/train/31fa45957cf3848e.jpg,0
openimages/train/5a5b4ec309edca8f.jpg,0
openimages/train/59732735df6ddb5e.jpg,0
openimages/train/30032d9c63edbe0d.jpg,0
openimages/train/34f6d8649f4fd66e.jpg,0
openimages/train/9aa391ae9594acd1.jpg,0
openimages/train/32352f2f6340cd6a.jpg,0
openimages/train/4b4b64150cfae1ef.jpg,0
openimages/train/999a52f1d301247c.jpg,0
openimages/train/54a378a42fb9caee.jpg,0
openimages/train/07a047c0e2603fbc.jpg,0
openimages/train/1fa343f13ee142fd.jpg,0
openimages/train/c6aded157c339c1d.jpg,0
openimages/train/760ff47777ac4e5d.jpg,0
openimages/train/0dd71751adcf679f.jpg,0
openimages/train/e63bdd9fa707cb5f.jpg,0
openimages/train/54278c58522bf91e.jpg,0
openimages/train/3682a1d8d272bd6c.jpg,0
openimages/train/c1d69f02c56da76c.jpg,0
openimages/train/b6ac508231b7a8c0.jpg,0
openimages/train/84b397d3e1acfd4d.jpg,0
openimages/train/1109f6e093ea77de.jpg,0
openimages/train/a66c6d7d81dac22c.jpg,0
openimages/train/3d31467c08d502bd.jpg,0
openimages/train/550acf1ff18e705d.jpg,0
openimages/train/cec31d13fedbda5f.jpg,0
openimages/train/233e08680901257e.jpg,0
openimages/train/d5084a1614f5877e.jpg,0
openimages/train/bf567ec5c6b13a4c.jpg,0
openimages/train/4d9462c932abd58d.jpg,0
openimages/train/a874228d08491fcd.jpg,0
openimages/train/b6f9c41acc4e02d1.jpg,0
openimages/train/560b1cce2e6c139e.jpg,0
openimages/train/3eef4ba88b5671dd.jpg,0
openimages/train/7adbcdcd0048203f.jpg,0
openimages/train/380857665ac5a11e.jpg,0
openimages/train/b97c505b1340b36f.jpg,0
openimages/train/753a352fd0a40b1f.jpg,0
openimages/train/21f2810aa2686fda.jpg,0
openimages/train/9f129d21ebf060f6.jpg,0
openimages/train/dd6439d08e58740a.jpg,0
openimages/train/a7ebd53a1901ad6b.jpg,0
openimages/train/7e0838f4dafea26d.jpg,0
openimages/train/ca4d804ca27477ce.jpg,0
openimages/train/2a2b6e797b99743f.jpg,0
openimages/train/80b9f96d643d9344.jpg,0
openimages/train/1fb987fe00a7a72d.jpg,0
openimages/train/3ad7415a11ac1f5e.jpg,0
openimages/train/2f9a9af9dc339c9b.jpg,0
openimages/train/2dc6ee108cff0b33.jpg,0
openimages/train/6482943868b640ad.jpg,0
openimages/train/70dda6e24dfa9e2a.jpg,0
openimages/train/b1e9edd7784e240f.jpg,0
openimages/train/442212698e35055c.jpg,0
openimages/train/412094845b61f88e.jpg,0
openimages/train/bca07db71a95b01d.jpg,0
openimages/train/a4307a1ebc0bb34e.jpg,0
openimages/train/2d71115bcef021ff.jpg,0
openimages/train/ca6e0d79c7cc20bd.jpg,0
openimages/train/13ebee3b859ff095.jpg,0
openimages/train/04890da3925e0ffe.jpg,0
openimages/train/077b921d21e3a7a1.jpg,0
openimages/train/f29c668385ad87e0.jpg,0
openimages/train/2519106268ba8b3e.jpg,0
openimages/train/44ad4a015cf6ede2.jpg,0
openimages/train/9aa4fe311522b67c.jpg,0
openimages/train/f9314e3541bcf55e.jpg,0
openimages/train/f2e722cca1688d27.jpg,0
openimages/train/673632137049ea02.jpg,0
openimages/train/c05fee3f69262a2f.jpg,0
openimages/train/993b7923491168b1.jpg,0
openimages/train/031fd3c5bd97e63d.jpg,0
openimages/train/553713725361bb7d.jpg,0
openimages/train/f478a0c7a677841d.jpg,0
openimages/train/4c224d2a47cee84f.jpg,0
openimages/train/683fc30a4ddbb28e.jpg,0
openimages/train/e87ad696f0b97e8e.jpg,0
openimages/train/d704c6cceefce53a.jpg,0
openimages/train/8fc816e0e0a4252d.jpg,0
openimages/train/022f4f006266b9ee.jpg,0
openimages/train/c946c1a1d503d2bf.jpg,0
openimages/train/ee7fab74a6efcbe6.jpg,0
openimages/train/1d66daaf16d695ed.jpg,0
openimages/train/5a4677b7d6ede70f.jpg,0
openimages/train/3b3b3159860b839e.jpg,0
openimages/train/4afd33d618c4394e.jpg,0
openimages/train/869415d2b84f024d.jpg,0
openimages/train/1ebb35691b23f11e.jpg,0
openimages/train/35d497c95eb705dd.jpg,0
openimages/train/8b29444aca34846e.jpg,0
openimages/train/260652e6372e1e2e.jpg,0
openimages/train/c82635f533181cf1.jpg,0
openimages/train/34cc30fcaa6456ae.jpg,0
openimages/train/1002564aacbcc96e.jpg,0
openimages/train/9a1c63c2002a022d.jpg,0
openimages/train/9f263dfcdebdf28d.jpg,0
openimages/train/5a5d3e18e74416f4.jpg,0
openimages/train/179013896a60264a.jpg,0
openimages/train/c05bb929f38e3a4e.jpg,0
openimages/train/6d09beddba77c78c.jpg,0
openimages/train/c315f94046ec7b32.jpg,0
openimages/train/0c12184fb0716eab.jpg,0
openimages/train/7d8692942215f62d.jpg,0
openimages/train/c2f763df8525681d.jpg,0
openimages/train/c343d58888b962bb.jpg,0
openimages/train/6edf20a8f5bd1c2e.jpg,0
openimages/train/c9deb0b1d0ef277f.jpg,0
openimages/train/427aed8cbe14a796.jpg,0
openimages/train/b6ee2d899f6fc11d.jpg,0
openimages/train/4bfdbbfdb5b14e7d.jpg,0
openimages/train/9a39b3974b166a0d.jpg,0
openimages/train/83108a1e1ae5deb1.jpg,0
openimages/train/5896b89542e24df6.jpg,0
openimages/train/f4742003998072bf.jpg,0
openimages/train/bf9b687718332940.jpg,0
openimages/train/9916d9aa1efe1263.jpg,0
openimages/train/0c51d128f099b326.jpg,0
openimages/train/c538fa487b13429f.jpg,0
openimages/train/34ef8651b74c461e.jpg,0
openimages/train/b8590ac250ead5be.jpg,0
openimages/train/2aa4e99ba807a822.jpg,0
openimages/train/75cd66309f4183ae.jpg,0
openimages/train/002537e9124b6f00.jpg,0
openimages/train/cf03ee8a89a2e3df.jpg,0
openimages/train/756562da1d31ec0e.jpg,0
openimages/train/9ead9b362512d400.jpg,0
openimages/train/d821637645220b91.jpg,0
openimages/train/f1f6d21f4e6aec2e.jpg,0
openimages/train/f06e42da54f91dee.jpg,0
openimages/train/d277c9d92656c842.jpg,0
openimages/train/136e5dacb30f18c2.jpg,0
openimages/train/cdb5359540b0d87c.jpg,0
openimages/train/b6a3d1e61b475f42.jpg,0
openimages/train/b9b62eed7b3f2f2e.jpg,0
openimages/train/2d8158798db218cb.jpg,0
openimages/train/34586247a4d9a5ed.jpg,0
openimages/train/c09c84dd08135b72.jpg,0
openimages/train/8c257634f46cb39c.jpg,0
openimages/train/fbd79c3d57ddd4c4.jpg,0
openimages/train/d6e7ee5dd6b5bb6d.jpg,0
openimages/train/6900857e523c423b.jpg,0
openimages/train/24e33d9be83efede.jpg,0
openimages/train/1af17f3d912e9aac.jpg,0
openimages/train/d991bd59dee2a20e.jpg,0
openimages/train/758631cb3382233e.jpg,0
openimages/train/0957fe4c4fcd3141.jpg,0
openimages/train/0b61cfd27ff3b3bc.jpg,0
openimages/train/2a65d90141866f6c.jpg,0
openimages/train/24604e23e86aa194.jpg,0
openimages/train/5a7a57e1a1489346.jpg,0
openimages/train/4ab1b2b877336976.jpg,0
openimages/train/52cbd395ebe9115c.jpg,0
openimages/train/b9078acace7a9e56.jpg,0
openimages/train/6ab64b461ae08a5f.jpg,0
openimages/train/673a8bd63b505cd6.jpg,0
openimages/train/4960377fb6919a1e.jpg,0
openimages/train/8ce3fa59bb030c5f.jpg,0
openimages/train/76a2bc23f919935d.jpg,0
openimages/train/9e9e4a2b267881ae.jpg,0
openimages/train/0b7233e09810e61e.jpg,0
openimages/train/aeb011c0173c2c6e.jpg,0
openimages/train/5abe5064a41e87ef.jpg,0
openimages/train/d5e50ede7e71e2ce.jpg,0
